setting,num_prompts,PredIoU,AnchMI,Stability,IoU,Dice
original_full,100,0.866552472114563,-6.856104850769043,0.8861222748600359,0.7648431176496775,0.8667547953704283
early_stop,6,0.9794154763221741,-6.978692054748535,0.9856366341741868,0.9828155577296408,0.9913333127716449
refined,6,0.9794154763221741,-7.028362274169922,0.9856366341741868,0.9828155577296408,0.9913333127716449
