{
  "pos_1": {
    "U": {
      "best": 0.0003933840095576113,
      "rand": 0.002388912865689222
    },
    "R": {
      "best": 3.4207857879664516e-06,
      "rand": 8.314808339689716
    },
    "E": {
      "best": 0.0,
      "rand": 7.383175868362625
    },
    "feasible_frac": 0.4895833333333333
  },
  "pos_2": {
    "U": {
      "best": 0.007430909068242902,
      "rand": 0.07031902620952245
    },
    "R": {
      "best": 3.6539597031313655,
      "rand": 8.427069438123734
    },
    "E": {
      "best": 6.693697926366767,
      "rand": 6.823807669977679
    },
    "feasible_frac": 0.5104166666666666
  },
  "pos_3": {
    "U": {
      "best": 0.0725044929884572,
      "rand": 0.12882693290301367
    },
    "R": {
      "best": 14.265870753294957,
      "rand": 14.517594178483144
    },
    "E": {
      "best": 6.924508928328534,
      "rand": 6.929780481575024
    },
    "feasible_frac": 0.4895833333333333
  },
  "pos_4": {
    "U": {
      "best": 0.00024080743024366754,
      "rand": 0.0022647994241585556
    },
    "R": {
      "best": 11.669773580129716,
      "rand": 11.669995911857571
    },
    "E": {
      "best": 7.842594154296533,
      "rand": 7.842594154296533
    },
    "feasible_frac": 0.4895833333333333
  },
  "pos_5": {
    "U": {
      "best": 0.0011879981529362813,
      "rand": 0.009485743789045487
    },
    "R": {
      "best": 6.837287401140202e-06,
      "rand": 4.231347010180501
    },
    "E": {
      "best": 0.0,
      "rand": 6.386167246675799
    },
    "feasible_frac": 0.5208333333333334
  },
  "pos_6": {
    "U": {
      "best": 0.015400394665769613,
      "rand": 0.04622147453080996
    },
    "R": {
      "best": 4.339970018918393e-06,
      "rand": 11.619553815444538
    },
    "E": {
      "best": 0.0,
      "rand": 7.12928800644983
    },
    "feasible_frac": 0.5729166666666666
  },
  "pos_7": {
    "U": {
      "best": 0.0029342943454492222,
      "rand": 0.016471339623918876
    },
    "R": {
      "best": 3.81609243049752e-06,
      "rand": 12.39044838486879
    },
    "E": {
      "best": 0.0,
      "rand": 7.883883716832907
    },
    "feasible_frac": 0.4166666666666667
  },
  "pos_8": {
    "U": {
      "best": 0.0028796131183335292,
      "rand": 0.01959126984238726
    },
    "R": {
      "best": 6.583035465596871,
      "rand": 9.415476094972405
    },
    "E": {
      "best": 6.87114191989197,
      "rand": 7.194765149251089
    },
    "feasible_frac": 0.59375
  },
  "pos_9": {
    "U": {
      "best": 0.0010084046328299962,
      "rand": 0.0011316684966367627
    },
    "R": {
      "best": 2.2775030572574906e-07,
      "rand": 4.005231751998927
    },
    "E": {
      "best": 0.0,
      "rand": 6.248804495883468
    },
    "feasible_frac": 0.5625
  },
  "pos_10": {
    "U": {
      "best": 0.03352332569299976,
      "rand": 0.14845904395676152
    },
    "R": {
      "best": 8.178009944644577,
      "rand": 8.338950465501616
    },
    "E": {
      "best": 7.144098882697582,
      "rand": 7.170039950597083
    },
    "feasible_frac": 0.4895833333333333
  },
  "pos_11": {
    "U": {
      "best": 0.006526782021662991,
      "rand": 0.06307957047716357
    },
    "R": {
      "best": 6.676584234810434e-06,
      "rand": 14.347171652751072
    },
    "E": {
      "best": 0.0,
      "rand": 7.279703467845432
    },
    "feasible_frac": 0.5416666666666666
  },
  "pos_12": {
    "U": {
      "best": 0.011331812109154718,
      "rand": 0.029344745710762184
    },
    "R": {
      "best": 5.912523828284765,
      "rand": 6.0557440382142
    },
    "E": {
      "best": 7.692252832123819,
      "rand": 7.6927492607209835
    },
    "feasible_frac": 0.4479166666666667
  },
  "pos_13": {
    "U": {
      "best": 0.0007399095409975885,
      "rand": 0.017340684876819754
    },
    "R": {
      "best": 4.165585494320112e-07,
      "rand": 7.9744790533367516
    },
    "E": {
      "best": 0.0,
      "rand": 7.261468299792379
    },
    "feasible_frac": 0.53125
  },
  "pos_14": {
    "U": {
      "best": 0.002311614916931696,
      "rand": 0.010797922090104852
    },
    "R": {
      "best": 3.88474859391863e-07,
      "rand": 5.366217960543515
    },
    "E": {
      "best": 0.0,
      "rand": 6.506895308090925
    },
    "feasible_frac": 0.4791666666666667
  },
  "neg_1": {
    "U": {
      "best": 0.0005723165200513429,
      "rand": 0.0020902744342808496
    },
    "R": {
      "best": 5.046862042945577e-06,
      "rand": 6.5383864817409965
    },
    "E": {
      "best": 0.0,
      "rand": 6.000103476043067
    },
    "feasible_frac": 0.4583333333333333
  },
  "neg_2": {
    "U": {
      "best": 0.0028763093078133543,
      "rand": 0.007595064991766738
    },
    "R": {
      "best": 4.644760734338919,
      "rand": 4.82666709554559
    },
    "E": {
      "best": 7.768182077363256,
      "rand": 7.780871942497078
    },
    "feasible_frac": 0.5833333333333334
  },
  "neg_3": {
    "U": {
      "best": 0.013818534119486926,
      "rand": 0.02047660848538945
    },
    "R": {
      "best": 17.385788926676806,
      "rand": 17.593341196861132
    },
    "E": {
      "best": 7.83108155033119,
      "rand": 7.832534159320634
    },
    "feasible_frac": 0.4583333333333333
  },
  "neg_4": {
    "U": {
      "best": 8.713387250119188e-05,
      "rand": 0.0001515802739101334
    },
    "R": {
      "best": 4.8428088206264874e-08,
      "rand": 3.49976744473679e-07
    },
    "E": {
      "best": 0.0,
      "rand": 0.0
    },
    "feasible_frac": 0.4895833333333333
  },
  "neg_5": {
    "U": {
      "best": 6.804589889619523e-05,
      "rand": 0.0004932310538521091
    },
    "R": {
      "best": 1.5661406393974175e-07,
      "rand": 3.0591730819651275e-06
    },
    "E": {
      "best": 0.0,
      "rand": 0.0
    },
    "feasible_frac": 0.5
  },
  "neg_6": {
    "U": {
      "best": 0.0009057393685903562,
      "rand": 0.001690442374702464
    },
    "R": {
      "best": 1.6754282114561647e-05,
      "rand": 12.264215192682578
    },
    "E": {
      "best": 0.0,
      "rand": 6.860963368055973
    },
    "feasible_frac": 0.5208333333333334
  },
  "neg_7": {
    "U": {
      "best": 0.01614890342799259,
      "rand": 0.053753401852541724
    },
    "R": {
      "best": 5.731492734554563,
      "rand": 8.566878390559783
    },
    "E": {
      "best": 7.442042333214412,
      "rand": 7.48989371968569
    },
    "feasible_frac": 0.46875
  },
  "neg_8": {
    "U": {
      "best": 0.0009711885088559006,
      "rand": 0.012748332066425705
    },
    "R": {
      "best": 0.025114440947072582,
      "rand": 7.086610099998657
    },
    "E": {
      "best": 5.18728363295999,
      "rand": 6.602233624101219
    },
    "feasible_frac": 0.5625
  },
  "neg_9": {
    "U": {
      "best": 0.00020002522377828323,
      "rand": 0.00020213246849567666
    },
    "R": {
      "best": 1.0026978358723682e-08,
      "rand": 1.1423814783029229e-08
    },
    "E": {
      "best": 0.0,
      "rand": 0.0
    },
    "feasible_frac": 0.59375
  },
  "neg_10": {
    "U": {
      "best": 0.0008389646279884505,
      "rand": 0.004751493068444837
    },
    "R": {
      "best": 5.470886677017006e-08,
      "rand": 1.6218637028941885e-06
    },
    "E": {
      "best": 0.0,
      "rand": 0.0
    },
    "feasible_frac": 0.625
  },
  "neg_11": {
    "U": {
      "best": 8.279208249046257e-05,
      "rand": 9.814493089526644e-05
    },
    "R": {
      "best": 1.0051178556125251e-08,
      "rand": 2.420538258718352e-08
    },
    "E": {
      "best": 0.0,
      "rand": 0.0
    },
    "feasible_frac": 0.4895833333333333
  }
}