{
  "epsilon_click": 0.0032621152342667027,
  "U": {
    "best": 0.01759304674418749,
    "rand": 0.03567204730618323
  },
  "R": {
    "best": 6.383507195066281,
    "rand": 6.550633394671147
  },
  "E": {
    "best": 7.553463778964312,
    "rand": 7.556649165712086
  },
  "feasible_frac": 0.5416666666666666
}