dataset,iteration,miou_mean,miou_std,dice_mean,dice_std,n,norm_denom,normalized,normalized_std
Bird,1,0.7123653805286196,0.28530800480167706,0.7853398357197399,0.2854794579317977,201,0.7575014461964327,0.9404145485207318,0.37664351168471827
Bird,2,0.7575014461964327,0.22709575022807874,0.8343807464321463,0.21954140079510095,201,0.7575014461964327,1.0,0.2997957975768525
Bird,3,0.7382467031504979,0.25485693304074103,0.8132113696189224,0.2524244220731462,201,0.7575014461964327,0.9745812458278242,0.3364441537642324
Bird,4,0.7341802231735366,0.26339849011453376,0.8074940228467555,0.2634449799592801,201,0.7575014461964327,0.969212965678156,0.3477201151722028
Bird,5,0.7241599495358126,0.2742410488236397,0.7965519587451081,0.2784753961466578,201,0.7575014461964327,0.955984906922575,0.36203369670204494
Bird,6,0.724851298134264,0.27295514744112537,0.7976345599416531,0.2760734375895993,201,0.7575014461964327,0.9568975765972307,0.3603361403620919
Bird,7,0.714350049575913,0.28562063333581994,0.7861633011053806,0.28867332862781375,201,0.7575014461964327,0.9430345686636091,0.37705622183294657
Bird,8,0.7021698907369205,0.29461329011758386,0.7739939509566288,0.30002870115703545,201,0.7575014461964327,0.9269551817526646,0.38892769326962545
Bird,9,0.6915245167651721,0.30750636600659176,0.7612946566483902,0.3149932274537727,201,0.7575014461964327,0.9129019096101479,0.40594822300425054
Bird,10,0.6811781833307996,0.3092510656475632,0.7532148179979129,0.31585002358784997,201,0.7575014461964327,0.8992434097005787,0.4082514524564608
Bird,11,0.6783982375078127,0.31223946150151144,0.749888183712045,0.3197091604771279,201,0.7575014461964327,0.8955735212311302,0.41219652195956674
Bird,12,0.6752886103054229,0.3119757667675187,0.7478944405382091,0.31826231640657643,201,0.7575014461964327,0.8914684106494886,0.4118484107641139
Bird,13,0.674219914631447,0.3132981897385938,0.7465805670818025,0.3197919601709492,201,0.7575014461964327,0.8900575939713924,0.41359418033025164
Bird,14,0.6647639700796405,0.3198865128274283,0.7370053240437625,0.3261681356236936,201,0.7575014461964327,0.8775745226858038,0.4222916199482429
Bird,15,0.6576092204559039,0.3242992289820572,0.7296792765223332,0.33139138409254804,201,0.7575014461964327,0.8681293266935558,0.4281169766875416
Bird,16,0.6427313495145963,0.33122304013148,0.7151971134822156,0.3394730201101967,201,0.7575014461964327,0.8484886104731283,0.4372573039888143
Bird,17,0.6383327661851841,0.33297591470506877,0.7111542654527367,0.34058566919889766,201,0.7575014461964327,0.8426819108932154,0.4395713254106747
Bird,18,0.6263494455116617,0.3391872869317509,0.6990588921452523,0.3469452528907565,201,0.7575014461964327,0.8268623758498264,0.4477711410781835
Bird,19,0.6172714570427369,0.34242327738938344,0.6902949619374045,0.3506019293369226,201,0.7575014461964327,0.8148782555362517,0.45204306751988355
Bird,20,0.599669330602672,0.350833198499131,0.6721166560391989,0.3594570791548541,201,0.7575014461964327,0.7916411692858575,0.46314525240939824
Bird,21,0.5923429236257273,0.35284062942558436,0.6649955135601363,0.3619760849624019,201,0.7575014461964327,0.7819693633589749,0.46579532118026734
Bird,22,0.5788508707661678,0.3586544882647419,0.6506660813813424,0.3690174536794609,201,0.7575014461964327,0.7641581064599872,0.4734703677011025
Bird,23,0.5664532795072288,0.36152882202552805,0.6386573572981253,0.37197684598220315,201,0.7575014461964327,0.7477916805987695,0.47726486047100913
Bird,24,0.5603243832730391,0.3596992879293287,0.6341125678705751,0.37050960106274516,201,0.7575014461964327,0.7397007439214021,0.4748496385524427
Bird,25,0.5503913600548199,0.36003164122594755,0.6250748661984544,0.37139728749271717,201,0.7575014461964327,0.7265878670178728,0.47528838794135503
Bird,26,0.5400132757310434,0.36290214690995964,0.6143445759733874,0.3746274101810237,201,0.7575014461964327,0.7128874518227771,0.47907782715421127
Bird,27,0.5373424759034372,0.36205480482969793,0.6123163051146506,0.37388371382248015,201,0.7575014461964327,0.7093616502008571,0.4779592258835254
Bird,28,0.5160780102546179,0.3676209868646524,0.589736936600861,0.3811742872789146,201,0.7575014461964327,0.6812898019481672,0.4853073069504374
Bird,29,0.5079083934533353,0.3689181513168967,0.5815731782601234,0.3819283927835252,201,0.7575014461964327,0.6705048498635159,0.48701973200092097
Bird,30,0.5054156763813236,0.36861397219354114,0.5791672984905095,0.3825094294270609,201,0.7575014461964327,0.667214140539424,0.4866181761690702
Bird,31,0.4981363227180534,0.3674162953454787,0.5727507443620752,0.3818669106560606,201,0.7575014461964327,0.6576044510796596,0.4850370876390401
Bird,32,0.4844607785898849,0.36659962237145505,0.5597746998375033,0.38200703534449254,201,0.7575014461964327,0.6395509619453006,0.4839589735600184
Bird,33,0.47653994411841705,0.3678153989962566,0.5512916431399548,0.3837267600018809,201,0.7575014461964327,0.6290944347515376,0.48556395613913583
Bird,34,0.4691421777589912,0.37022960411506717,0.542264651466826,0.38803189837593854,201,0.7575014461964327,0.6193284251992502,0.4887510195182657
Bird,35,0.4552964687834156,0.36715536608968996,0.5297736925544814,0.38587543942500646,201,0.7575014461964327,0.6010502964311829,0.4846926272329261
Bird,36,0.45060129621498096,0.3661473418427838,0.5253427791148884,0.38565071018555563,201,0.7575014461964327,0.5948520606495747,0.48336190469507795
Bird,37,0.4439602673651247,0.3672446556580568,0.5176402273115039,0.3880757194681008,201,0.7575014461964327,0.5860850426020155,0.48481050102553097
Bird,38,0.4351667040384934,0.3636758577877231,0.5103585069164487,0.3847907813145593,201,0.7575014461964327,0.5744764003072905,0.4800992257028852
Bird,39,0.4318965011748236,0.36215991538423575,0.5076175570420536,0.38382908128632764,201,0.7575014461964327,0.5701593090593594,0.47809798542658055
Bird,40,0.4238345633247938,0.3620596854692822,0.49887195841856075,0.3850677566407146,201,0.7575014461964327,0.559516507134016,0.47796566895978454
Bird,41,0.4179604217631389,0.3602540587226866,0.4936403993141924,0.3831854879427954,201,0.7575014461964327,0.5517618796133029,0.475582007838526
Bird,42,0.41060354769602087,0.35832158377181783,0.4867498177098285,0.38142387946732503,201,0.7575014461964327,0.5420498531821213,0.47303089066169135
Bird,43,0.40358927983300963,0.3564018311884265,0.47996514332762846,0.3804519429798548,201,0.7575014461964327,0.5327901113054142,0.4704965686573826
Bird,44,0.3956997336301046,0.354178879340206,0.472466282871869,0.378522429412379,201,0.7575014461964327,0.5223748886777612,0.46756198436136254
Bird,45,0.3910585182497031,0.35189020423083894,0.4685006583113892,0.3765487743852961,201,0.7575014461964327,0.5162478833714268,0.46454063684993674
Bird,46,0.3869441745260055,0.35030875729161987,0.464715875816316,0.37525830027409135,201,0.7575014461964327,0.5108164168780537,0.4624529221040972
Bird,47,0.3845914889074403,0.3487972342209755,0.462792494618137,0.37416801221170287,201,0.7575014461964327,0.5077105672055832,0.4604575159194173
Bird,48,0.3806899410607197,0.34572118806077046,0.45968985675428936,0.37249910619387455,201,0.7575014461964327,0.502560018825364,0.4563967366619644
Bird,49,0.3769359559928886,0.3437209984609674,0.4564949199879336,0.3706588328013559,201,0.7575014461964327,0.4976042724216039,0.4537562273799736
Bird,50,0.37118392396011907,0.341930580597831,0.45083021924926975,0.369457117407475,201,0.7575014461964327,0.4900108452913302,0.4513926439543229
Bird,51,0.3725599920297246,0.3417550423887902,0.45246022343493847,0.36935830650915147,201,0.7575014461964327,0.4918274333341849,0.45116091078744613
Bird,52,0.36718389715526784,0.34040910952208964,0.44701716710802014,0.3682310518903633,201,0.7575014461964327,0.48473029193405787,0.4493841051147194
Bird,53,0.36608796685246836,0.34133761491162057,0.4451025119040588,0.3698039591131501,201,0.7575014461964327,0.48328352201922486,0.45060985246370877
Bird,54,0.3634224701743288,0.3396751557205829,0.44292488082732545,0.3681651380296399,201,0.7575014461964327,0.47976472124132075,0.44841519105496136
Bird,55,0.3568422911975075,0.3377082333552874,0.43628563552972166,0.36658469677879457,201,0.7575014461964327,0.47107803290579114,0.4458185988303896
Bird,56,0.35927615488806874,0.3372734728158933,0.439240060720155,0.36645624326058707,201,0.7575014461964327,0.4742910481452764,0.4452446586200084
Bird,57,0.3509400224201898,0.3348364904852516,0.43068003186468834,0.36465147934697395,201,0.7575014461964327,0.46328627381812976,0.44202752637177534
Bird,58,0.3511434688457963,0.3335536970317172,0.4315041207911768,0.3637506221956445,201,0.7575014461964327,0.4635548494447877,0.44033407290053045
Bird,59,0.34765775483245087,0.3321400362317445,0.42808335967163297,0.36269358502785815,201,0.7575014461964327,0.4589532555721319,0.4384678575856013
Bird,60,0.340079549347928,0.32667770120608314,0.4217856044760434,0.3581077131384949,201,0.7575014461964327,0.44894904300914,0.43125686801840135
Bird,61,0.33839729956533965,0.32664127197741194,0.4198654813136823,0.35784292433218334,201,0.7575014461964327,0.4467282554568056,0.4312087767192308
Bird,62,0.3371843181638629,0.32485434370201494,0.41929952811271526,0.35631952803419414,201,0.7575014461964327,0.4451269629344383,0.42884980000127265
Bird,63,0.33580886012930866,0.32464522007912683,0.4177395348366636,0.3562703340587096,201,0.7575014461964327,0.44331118021684657,0.4285737297390465
Bird,64,0.33234818833274665,0.3244639842113412,0.41369662025913645,0.35609209230207683,201,0.7575014461964327,0.43874264531313284,0.4283344749248206
Bird,65,0.3283303557195054,0.32253939226713474,0.4099373959795918,0.3539701877067566,201,0.7575014461964327,0.43343858598306084,0.4257937643375732
Bird,66,0.3262764602165986,0.3231168050699009,0.40721495160747895,0.35434803982607604,201,0.7575014461964327,0.43072717795444276,0.4265560240080537
Bird,67,0.32484339368657045,0.32268493910554075,0.40572005609118794,0.3538902920296443,201,0.7575014461964327,0.4288353445629372,0.425985905011544
Bird,68,0.32394092777713396,0.32237489258124374,0.40476618438364326,0.35368759949944395,201,0.7575014461964327,0.4276439726995989,0.42557660345066406
Bird,69,0.32292889926328744,0.32191491788706045,0.4037136323355826,0.3534772951116281,201,0.7575014461964327,0.42630796401086557,0.4249693772909083
Bird,70,0.32143742484202864,0.32121254589116066,0.40229075083007954,0.35270768683356324,201,0.7575014461964327,0.4243390246395313,0.42404215530416944
Bird,71,0.31391229926591785,0.3190306739050742,0.3942589116419788,0.35040788297885844,201,0.7575014461964327,0.41440488442911194,0.4211618017457148
Bird,72,0.31258193168140846,0.31908822813491877,0.392578322085346,0.35055503793535986,201,0.7575014461964327,0.4126486269444703,0.4212377807819708
Bird,73,0.3112883341734314,0.3187462242499831,0.391179761032168,0.3501560839865642,201,0.7575014461964327,0.4109409107223132,0.4207862913667982
Bird,74,0.31083035370566303,0.3183193192236317,0.39081893482837027,0.34979195201049657,201,0.7575014461964327,0.41033631719966324,0.42022272145086603
Bird,75,0.3083160590942743,0.31616836919151253,0.3886993783675285,0.3481507621414028,201,0.7575014461964327,0.40701712272945656,0.4173831888758201
Bird,76,0.30734802346796686,0.315695162613552,0.3877349895884177,0.34772644601196323,201,0.7575014461964327,0.40573919034903916,0.41675849491604405
Bird,77,0.30522807532194485,0.3142775159768624,0.3858038976878808,0.34647712618064913,201,0.7575014461964327,0.4029405842781641,0.4148870177805113
Bird,78,0.30551394307476615,0.31477844188272375,0.38590911649337645,0.3469342273211964,201,0.7575014461964327,0.40331796672971804,0.4155483048425712
Bird,79,0.30487195742545825,0.31427144216178066,0.3853316998347309,0.34657807760337495,201,0.7575014461964327,0.4024704625400806,0.41487899955808777
Bird,80,0.3009214103152067,0.31261745243064365,0.3813019581928139,0.3447675454250164,201,0.7575014461964327,0.39725522878694647,0.41269551893314377
Bird,81,0.2994515317155971,0.3115529629798912,0.38002321571763287,0.34366404599186745,201,0.7575014461964327,0.3953147986966936,0.4112902550143784
Bird,82,0.29736321742700506,0.3120865866712057,0.3770620505026182,0.34450830638783064,201,0.7575014461964327,0.3925579534139844,0.4119947073873658
Bird,83,0.29781319807623396,0.3112751867886299,0.37811367514347066,0.3433719854643678,201,0.7575014461964327,0.39315198614024305,0.41092355447188295
Bird,84,0.29696796859127406,0.3109601297650591,0.37713575786699277,0.343322392294033,201,0.7575014461964327,0.3920361737689215,0.41050763840313775
Bird,85,0.2975378373637525,0.3107328375915111,0.37789345064879704,0.3434006624793147,201,0.7575014461964327,0.39278847434252423,0.4102075833013432
Bird,86,0.29474580801486694,0.311036894210821,0.3742502865864033,0.343636362109689,201,0.7575014461964327,0.38910263405415924,0.41060897741199026
Bird,87,0.29253157877137675,0.3096639658647453,0.37219483857677116,0.3421237388337859,201,0.7575014461964327,0.3861795647258982,0.4087965342107668
Bird,88,0.29138489820860786,0.30930743957807083,0.37089459533473035,0.3419152681447362,201,0.7575014461964327,0.3846657978961098,0.40832587334475173
Bird,89,0.29031602925074723,0.30841773392676924,0.370028651594687,0.34088457860501603,201,0.7575014461964327,0.3832547524608468,0.4071513466745137
Bird,90,0.28838629559753887,0.30658995578799886,0.36838268327547513,0.3395811853433924,201,0.7575014461964327,0.3807072541519023,0.4047384428471375
Bird,91,0.2854482504628096,0.30451292476987163,0.3657373196511821,0.33740037237098236,201,0.7575014461964327,0.37682865411822347,0.4019964929425447
Bird,92,0.2852035135243896,0.30632302879577883,0.3647223306819324,0.33834192321199463,201,0.7575014461964327,0.37650556966782556,0.4043860646522702
Bird,93,0.28232224611664875,0.3036781090065731,0.36229143286522114,0.3360351549286812,201,0.7575014461964327,0.37270192358608106,0.4008944280323187
Bird,94,0.28367969613822386,0.3044357200099911,0.3636361907891624,0.33688478866145377,201,0.7575014461964327,0.37449393339463144,0.401894572662038
Bird,95,0.27922310267846323,0.3015431823599175,0.3593238728158365,0.3341780000543524,201,0.7575014461964327,0.3686106529307616,0.39807604840099853
Bird,96,0.27974432236261837,0.3006740564627695,0.3602869203885594,0.3338872045648219,201,0.7575014461964327,0.3692987304080685,0.39692868967117423
Bird,97,0.27734818197582023,0.3000875532404928,0.3575559728561168,0.3330326646461969,201,0.7575014461964327,0.3661355148144486,0.3961544294697955
Bird,98,0.27727543671610544,0.30059579090463623,0.3572652523248011,0.3333108133653301,201,0.7575014461964327,0.36603948165163414,0.3968253689996082
Bird,99,0.275168966674133,0.3001515246339301,0.3548274940041957,0.33261921017432755,201,0.7575014461964327,0.3632586684234225,0.39623887999297075
Bird,100,0.27510134521166646,0.30018864232079046,0.3547518118427695,0.33252002365695876,201,0.7575014461964327,0.36316939933647086,0.3962878801461015
Breast,1,0.48040682645306515,0.37916896341936585,0.5489323029014357,0.3939116309907185,389,0.5882091939691549,0.816727843390794,0.6446158395804488
Breast,2,0.5605511005201382,0.3483977221503682,0.6397473153002334,0.35538320027997916,389,0.5882091939691549,0.9529791548099007,0.5923024082629993
Breast,3,0.5882091939691549,0.33317730879487745,0.6703976750706463,0.33847057564557353,389,0.5882091939691549,1.0,0.5664265574406321
Breast,4,0.5863403548430067,0.33242931685668436,0.6692181562855435,0.33743009595521195,389,0.5882091939691549,0.9968228325138246,0.5651549147225955
Breast,5,0.5840359822465763,0.3346277361796791,0.666474721478913,0.3390190236103507,389,0.5882091939691549,0.9929052252746707,0.5688923934045591
Breast,6,0.586597208128443,0.33172500126697085,0.6698646019642847,0.3361273659907688,389,0.5882091939691549,0.9972595024742226,0.5639575250916022
Breast,7,0.5732129143257194,0.3408708326990729,0.6544590062643855,0.34590909252561164,389,0.5882091939691549,0.9745051933951547,0.5795061284216306
Breast,8,0.5659745531104139,0.3430998001056484,0.6474245817235085,0.3474883345252774,389,0.5882091939691549,0.9621994333194543,0.5832955411500083
Breast,9,0.5581547181343316,0.34328427013239077,0.640536411153856,0.34786365969866995,389,0.5882091939691549,0.9489051239882534,0.5836091541105565
Breast,10,0.5464935634182102,0.34720409159258137,0.62816658539602,0.353425140405551,389,0.5882091939691549,0.9290802813375741,0.5902731462758951
Breast,11,0.535221417424845,0.34827608144936045,0.6175963104630189,0.3547206327228638,389,0.5882091939691549,0.9099167828595882,0.5920956098955904
Breast,12,0.5071824589264313,0.35211360240976175,0.5895621714925511,0.36101038316460743,389,0.5882091939691549,0.8622484383558061,0.5986196850031321
Breast,13,0.493476283615997,0.35324085195597593,0.5758794820111436,0.36311347050108617,389,0.5882091939691549,0.8389469064332142,0.6005360942632588
Breast,14,0.47126904355565175,0.3567082675347937,0.5522654709687151,0.3683499094343609,389,0.5882091939691549,0.8011929231768598,0.606430962304032
Breast,15,0.45429432683498183,0.3574941617095171,0.5345946439333321,0.3707643067775469,389,0.5882091939691549,0.772334624301715,0.6077670416832411
Breast,16,0.4245031849534748,0.35721868052084754,0.5038199236002857,0.37154927897384354,389,0.5882091939691549,0.7216874358746171,0.6072987028821921
Breast,17,0.4015416537401184,0.35228399838861846,0.4814422508810306,0.36839480025677745,389,0.5882091939691549,0.6826511007598681,0.5989093710206302
Breast,18,0.3930071406104387,0.35392638141358507,0.47123834358021377,0.3702194556569198,389,0.5882091939691549,0.6681417846573945,0.6017015460525844
Breast,19,0.36233490155831555,0.3462225210487081,0.4403529826824158,0.36464441062442726,389,0.5882091939691549,0.6159966645766438,0.5886044023087195
Breast,20,0.3519239943258174,0.3418675505789441,0.43042646013631475,0.3611213097266693,389,0.5882091939691549,0.5982973369577625,0.5812006240026082
Breast,21,0.33254964648970053,0.3359377012076369,0.4102594592938145,0.35699866638929945,389,0.5882091939691549,0.5653594841755212,0.571119432766386
Breast,22,0.3214431285616575,0.33373517583103024,0.3977336337308634,0.35598819927211883,389,0.5882091939691549,0.5464775659023678,0.567374973483551
Breast,23,0.31065865318153146,0.33079279366005526,0.38579543703170344,0.35417177273349765,389,0.5882091939691549,0.5281431442532366,0.5623727018408381
Breast,24,0.29543867723715567,0.322881513486648,0.3706615294337506,0.3474607711520153,389,0.5882091939691549,0.5022680370627599,0.5489229287762196
Breast,25,0.285197342604638,0.31744055271003085,0.3602440896816572,0.3430205481394637,389,0.5882091939691549,0.48485699565517754,0.5396728850291944
Breast,26,0.27829232857566333,0.3154854205053243,0.35228249466612277,0.3414396460270202,389,0.5882091939691549,0.47311795094154324,0.5363490128001434
Breast,27,0.2773445448037663,0.313621317396077,0.3518820482824419,0.3401530366045727,389,0.5882091939691549,0.4715066470353572,0.5331798968999505
Breast,28,0.2679493550937103,0.3088965312444,0.34190201135540876,0.33607227536177603,389,0.5882091939691549,0.4555341158230201,0.5251474040383636
Breast,29,0.26170599387120913,0.30482246116249395,0.33551849503963743,0.33296194414403146,389,0.5882091939691549,0.4449199307906988,0.518221177580707
Breast,30,0.2575346395017157,0.30237881532323924,0.33115309946259724,0.33083164917823915,389,0.5882091939691549,0.4378283137057197,0.5140667953229845
Breast,31,0.25307071753446175,0.3000569033353226,0.32632024432177376,0.3287287156139972,389,0.5882091939691549,0.43023930963536167,0.5101193697952591
Breast,32,0.24332883164138286,0.29322069407424745,0.3164340162113825,0.3226196313712252,389,0.5882091939691549,0.41367736875963,0.4984972983771886
Breast,33,0.2368612842105185,0.2890824211993056,0.30942550539691815,0.31944860140571035,389,0.5882091939691549,0.40268205026210324,0.4914619223283762
Breast,34,0.2288583425251144,0.28245964564928494,0.3014054837755968,0.3138433548487071,389,0.5882091939691549,0.38907644571280786,0.48020270431899575
Breast,35,0.22106148263023018,0.276789465274312,0.29302411285257635,0.3091887032717348,389,0.5882091939691549,0.3758211957527179,0.47056296996409497
Breast,36,0.21847408649272304,0.27560800995005114,0.28990708348467487,0.3082293678033064,389,0.5882091939691549,0.3714224271444822,0.46855440679239657
Breast,37,0.21271986658672581,0.2699145309857539,0.2839938442100057,0.3046676646435145,389,0.5882091939691549,0.36163981924750505,0.4588750630781673
Breast,38,0.20947567035639134,0.2676091314733992,0.2803491410523372,0.30297995836844843,389,0.5882091939691549,0.3561244409372085,0.45495571000447904
Breast,39,0.20428881799449278,0.26231612016033096,0.2751433110980261,0.29884207186056433,389,0.5882091939691549,0.347306400663308,0.44595719150572566
Breast,40,0.2031928506657326,0.2623222479174498,0.2736802878906441,0.29835632464110023,389,0.5882091939691549,0.34544317353255755,0.4459676091550614
Breast,41,0.20203464978961364,0.2606648251151576,0.27273313611336003,0.29695820211613405,389,0.5882091939691549,0.34347414467684795,0.4431498653671615
Breast,42,0.1979286881409288,0.2565899068636665,0.2685183621796045,0.29364537817086683,389,0.5882091939691549,0.3364937001499979,0.4362221969572305
Breast,43,0.19589820234832128,0.25474082458528613,0.2663476351256529,0.29207700193977115,389,0.5882091939691549,0.33304172113738495,0.4330786176025743
Breast,44,0.19368707267579674,0.2526607258730332,0.2639567028172087,0.29059111604493887,389,0.5882091939691549,0.3292826339024437,0.4295422928841239
Breast,45,0.19008908071496577,0.24914495769796954,0.2602742340733377,0.2871983528727693,389,0.5882091939691549,0.323165776162509,0.42356522178236206
Breast,46,0.18843764615415556,0.2484795839745691,0.2581551509352502,0.286504424733589,389,0.5882091939691549,0.3203582128368382,0.4224340362615942
Breast,47,0.18590267569197644,0.24540446635541358,0.25568211394764906,0.28399358713228556,389,0.5882091939691549,0.3160485718312743,0.41720610434437094
Breast,48,0.18235494332686703,0.2396203545803396,0.2526295469029506,0.27986189631451347,389,0.5882091939691549,0.3100171591952871,0.4073726780151366
Breast,49,0.180315741490305,0.2384588224025958,0.25017351144554983,0.2784394381324215,389,0.5882091939691549,0.30655036225047605,0.40539798569537544
Breast,50,0.17852316398816467,0.23703076943917897,0.24809421708160323,0.2771555130492065,389,0.5882091939691549,0.30350284527774013,0.4029701879355674
Breast,51,0.17676987858675927,0.235575805576208,0.2461299017539905,0.2756380130199977,389,0.5882091939691549,0.3005221278401658,0.4004966396165534
Breast,52,0.17647446164016697,0.23547850744489082,0.245729686162601,0.2755397175177205,389,0.5882091939691549,0.3000198967468385,0.40033122545384603
Breast,53,0.17307807277646628,0.2305215408852648,0.242410833655395,0.27221684560038983,389,0.5882091939691549,0.2942457794795066,0.3919040083847331
Breast,54,0.17142883725983704,0.2288996153926791,0.24058717137227734,0.2707824218958916,389,0.5882091939691549,0.29144195469482337,0.3891466127009949
Breast,55,0.17032319190325967,0.22837107548302135,0.23913095128884657,0.2703191694924502,389,0.5882091939691549,0.28956227418674324,0.38824805498534404
Breast,56,0.16798904393567915,0.22546159353946882,0.23670646015957134,0.2680464409003531,389,0.5882091939691549,0.2855940465705953,0.3833017162110047
Breast,57,0.16707591077397907,0.22499265595933035,0.23549234769100974,0.2677226253596023,389,0.5882091939691549,0.28404165131553577,0.38250448695150574
Breast,58,0.16640760414001982,0.223332746637996,0.23512110964623076,0.2663375331225529,389,0.5882091939691549,0.2829054796255804,0.37968251589366914
Breast,59,0.16421986797458735,0.22101195232017626,0.2327273000746136,0.2642084213502871,389,0.5882091939691549,0.2791861631173328,0.37573699048941744
Breast,60,0.16298355280560545,0.2197081984089598,0.23137163507239683,0.2629813226048393,389,0.5882091939691549,0.2770843340713782,0.3735205104945726
Breast,61,0.16148250669007325,0.21823264627235497,0.22970445514963875,0.2614586005351522,389,0.5882091939691549,0.27453244244689795,0.37101196055735036
Breast,62,0.1606949348251578,0.21779329009432677,0.2286625462963402,0.26111560501290515,389,0.5882091939691549,0.27319351086780946,0.3702650219128462
Breast,63,0.15971465529682777,0.21714426511936324,0.22743312009921562,0.2604407543710994,389,0.5882091939691549,0.27152696172444224,0.3691616304976526
Breast,64,0.158807467978487,0.2165459849021889,0.2263081441675099,0.25974742919327426,389,0.5882091939691549,0.26998467485160504,0.3681445089985185
Breast,65,0.15821064117395042,0.21583683557484787,0.2257000976446669,0.2589585601856187,389,0.5882091939691549,0.2689700242635902,0.36693890164893633
Breast,66,0.15765523128216538,0.2159421591140579,0.22481504613707162,0.25901238859634695,389,0.5882091939691549,0.2680257855514456,0.36711795961044036
Breast,67,0.15671160392299233,0.2148488461925079,0.22378637160027634,0.25803252610254407,389,0.5882091939691549,0.26642154786042005,0.36525924517217656
Breast,68,0.15573042876965096,0.21372173777975745,0.22273894902686864,0.2569005686919519,389,0.5882091939691549,0.2647534760869741,0.3633430758495842
Breast,69,0.1550993199003003,0.2126577670116325,0.22213814764288894,0.2561383104476354,389,0.5882091939691549,0.2636805434027839,0.36153424528550304
Breast,70,0.15462313137168962,0.2120576767507596,0.221620682645129,0.25566382567643126,389,0.5882091939691549,0.2628709869839231,0.3605140465755448
Breast,71,0.15405701043154818,0.21169283984793544,0.22088120560741373,0.25537518214578286,389,0.5882091939691549,0.2619085386816085,0.35989379632008334
Breast,72,0.1536796221415143,0.21114286524077822,0.2204911838693922,0.2549621667790862,389,0.5882091939691549,0.2612669501211045,0.35895879800180464
Breast,73,0.15364313713843408,0.21123813026727178,0.22038559651617784,0.25512005195830684,389,0.5882091939691549,0.26120492286370306,0.3591207557329491
Breast,74,0.153382233410031,0.21082070400177408,0.22013875420799206,0.2547615597921767,389,0.5882091939691549,0.2607613668447253,0.358411099593981
Breast,75,0.1529845212407776,0.21059092648915273,0.2195948428373644,0.2546310435400822,389,0.5882091939691549,0.2600852261564615,0.35802046048976904
Breast,76,0.1525712516082137,0.21001452328722822,0.2191711780941826,0.25413320095904635,389,0.5882091939691549,0.2593826366070272,0.3570405315668037
Breast,77,0.1522109818845534,0.2097683617216569,0.21872559208801315,0.2538268888116872,389,0.5882091939691549,0.2587701509006593,0.35662203833668216
Breast,78,0.15209603189061227,0.21014764171409778,0.21841870015116654,0.25407644783967454,389,0.5882091939691549,0.2585747272399622,0.3572668429339744
Breast,79,0.15167182240044164,0.20934725295796783,0.2180810201095092,0.2532907151945089,389,0.5882091939691549,0.25785353910737263,0.35590612167300767
Breast,80,0.15094648148209847,0.2085287767538953,0.21727637866429977,0.2525144099914801,389,0.5882091939691549,0.25662040483171017,0.35451465038615215
Breast,81,0.1507280433897758,0.20843673835559945,0.21696558922464262,0.25245928947400714,389,0.5882091939691549,0.25624904359736994,0.3543581781663373
Breast,82,0.15020962629168716,0.20823466721395997,0.21624411371941266,0.2522374246649359,389,0.5882091939691549,0.25536769542497834,0.354014641982763
Breast,83,0.15007156798319146,0.20772518096094872,0.21621812663737194,0.2518196817171262,389,0.5882091939691549,0.25513298588641414,0.3531484769206814
Breast,84,0.14992924875106248,0.20754641219806735,0.21606158599659497,0.25168474724952206,389,0.5882091939691549,0.2548910324562601,0.352844556538759
Breast,85,0.1493363468041773,0.20708549255842226,0.2153160962211097,0.2512590587520177,389,0.5882091939691549,0.25388305442231546,0.35206095838291435
Breast,86,0.14905527980169767,0.20680190123923545,0.21498201068916167,0.2510157579945466,389,0.5882091939691549,0.25340521931643584,0.3515788317482163
Breast,87,0.1487213576238638,0.2067871511426012,0.21447779211638723,0.25094181386361053,389,0.5882091939691549,0.2528375264254414,0.35155375547129736
Breast,88,0.14848518313444897,0.20651552159419553,0.21422919951819008,0.25062166683391646,389,0.5882091939691549,0.2524360119781388,0.3510919647492368
Breast,89,0.1482492951482451,0.20637718818778186,0.21393066745062037,0.25040342701410917,389,0.5882091939691549,0.2520349846079066,0.35085678752346067
Breast,90,0.14810284917393246,0.20610779943409174,0.21378732207786427,0.25024927518817225,389,0.5882091939691549,0.2517860154047487,0.35039880632144593
Breast,91,0.14789598286418762,0.20581678671656636,0.2135820941649556,0.24995159239286865,389,0.5882091939691549,0.25143432707368246,0.3499040627497556
Breast,92,0.1474479187980368,0.204887074781461,0.21323198110240135,0.24913457891205537,389,0.5882091939691549,0.2506725843625096,0.34832348232932425
Breast,93,0.147352458380803,0.20468575854861382,0.21313940761137262,0.2490528102114413,389,0.5882091939691549,0.2505102944523679,0.3479812295476417
Breast,94,0.14714730250000438,0.20432204772943896,0.21297786858400156,0.24861307203167612,389,0.5882091939691549,0.2501615139795326,0.34736289371932766
Breast,95,0.14694978544094542,0.2037511954412502,0.21288756009528692,0.24808426333591582,389,0.5882091939691549,0.2498257200798723,0.34639240176843394
Breast,96,0.14624354169733184,0.20310198775231805,0.21205100013832653,0.24739011899683194,389,0.5882091939691549,0.24862505244180302,0.345288699725711
Breast,97,0.14609029721426994,0.2030143342978814,0.21184726124166153,0.24729861452664811,389,0.5882091939691549,0.24836452526094102,0.3451396822412253
Breast,98,0.14600375598278303,0.20313680622142152,0.21165154255070037,0.2474750787087154,389,0.5882091939691549,0.24821739863936795,0.3453478937496407
Breast,99,0.14585304317554154,0.20291981340975168,0.21150624528591688,0.24722464631292143,389,0.5882091939691549,0.24796117549837196,0.3449789896014318
Breast,100,0.14564922059846908,0.20306427795321186,0.2111546382102458,0.24724669595660156,389,0.5882091939691549,0.24761466174244595,0.34522459022267565
Bus,1,0.6005942452618893,0.395123767223802,0.6548097869517633,0.39148377074107776,295,0.863985026290323,0.6951442756371022,0.45732710081832995
Bus,2,0.8403495137853532,0.20204799612883298,0.8943107562070952,0.1757847933643008,295,0.863985026290323,0.9726436086439446,0.23385590025369168
Bus,3,0.863985026290323,0.1431834022446325,0.9189718826092949,0.1063593956119949,295,0.863985026290323,1.0,0.16572440249273357
Bus,4,0.8613173916071158,0.1386618143799144,0.9181259733713902,0.10009259539224254,295,0.863985026290323,0.9969124063472938,0.16049099250629856
Bus,5,0.8619793915822521,0.13696798317187867,0.9182893909265069,0.10518672661540122,295,0.863985026290323,0.9976786233012828,0.15853050574264652
Bus,6,0.8551159822012692,0.14557926135912203,0.9131936237419612,0.1129510664833877,295,0.863985026290323,0.9897347247704804,0.1684974356375053
Bus,7,0.8617659121700512,0.12783918317643403,0.9195171486076277,0.09206089515318726,295,0.863985026290323,0.9974315363660872,0.14796458189250666
Bus,8,0.8525476441355333,0.13856495073394212,0.9129346516575952,0.10109758794663076,295,0.863985026290323,0.9867620597501577,0.16037887986195312
Bus,9,0.8486427393542246,0.14127833823824493,0.9102037890775032,0.10505677626257702,295,0.863985026290323,0.9822424157025345,0.16351942908646136
Bus,10,0.8351927781524027,0.1589177080279504,0.8997508956698075,0.12249615192844089,295,0.863985026290323,0.966675061185325,0.18393572017132348
Bus,11,0.8337546454737581,0.1539175009854541,0.899471704746887,0.11970780466989693,295,0.863985026290323,0.9650105269227124,0.1781483432025748
Bus,12,0.8308164328848086,0.1547552951718362,0.8976296031441185,0.11996602931806966,295,0.863985026290323,0.9616097589700948,0.17911802920509656
Bus,13,0.8202835158630457,0.16528409291631824,0.8896110810299065,0.13074898425086648,295,0.863985026290323,0.9494186715076328,0.19130434890289197
Bus,14,0.8118548467943325,0.1677984184579882,0.8841395980936163,0.132169107663749,295,0.863985026290323,0.9396630984221788,0.1942144983443304
Bus,15,0.8014242971471294,0.1740581200805874,0.8767222772183871,0.1373906939959874,295,0.863985026290323,0.927590493770697,0.2014596489338914
Bus,16,0.7955001439352227,0.18006043069500954,0.8718601850321546,0.1445559835907931,295,0.863985026290323,0.9207337161279836,0.2084068881009799
Bus,17,0.782024051300355,0.18980374928209662,0.8613209567941791,0.15641948169997688,295,0.863985026290323,0.9051361163724302,0.21968407264770962
Bus,18,0.773473223000896,0.19468235644071674,0.8548710070400162,0.16146389744109013,295,0.863985026290323,0.8952391528380348,0.22533070657094703
Bus,19,0.764859843080166,0.20282217076027512,0.8473171845480483,0.17251519138930235,295,0.863985026290323,0.8852697903391115,0.2347519512359248
Bus,20,0.7587955109737524,0.2040516098144018,0.8430705562988492,0.17393123423600218,295,0.863985026290323,0.878250765793684,0.2361749377654547
Bus,21,0.7469267871687342,0.207952443012865,0.8344763576744305,0.17698984573415394,295,0.863985026290323,0.8645135788704583,0.24068986925126082
Bus,22,0.7336552505256441,0.21543298258256818,0.8238003622133544,0.18514189224801142,295,0.863985026290323,0.8491527378382082,0.2493480512128421
Bus,23,0.7265541363161062,0.22133903846162364,0.8173240129204169,0.1932042451773677,295,0.863985026290323,0.8409337132099368,0.25618388250544466
Bus,24,0.7210595854126761,0.22359636779987901,0.8126990393650463,0.19804442451164034,295,0.863985026290323,0.8345741690786895,0.2587965774822866
Bus,25,0.711150737832277,0.23129562468409204,0.8038636921385959,0.20613150093821533,295,0.863985026290323,0.8231053967286125,0.26770790887106216
Bus,26,0.6996296758225761,0.23978176127897982,0.7933051598948055,0.21651734749923673,295,0.863985026290323,0.8097706031163103,0.27752999644973764
Bus,27,0.6961234914221702,0.24034180063199803,0.7905784790028865,0.217543399089491,295,0.863985026290323,0.8057124489889635,0.27817820137919436
Bus,28,0.687128196815734,0.24797864794809826,0.7817264207352042,0.22732912058808177,295,0.863985026290323,0.7953010479429765,0.28701729821966904
Bus,29,0.6791261708038281,0.2506761703502997,0.7750372563483188,0.23093191587203307,295,0.863985026290323,0.7860392832498265,0.2901394847392477
Bus,30,0.675433042059861,0.2551506117516788,0.7707937164681468,0.23718235290314446,295,0.863985026290323,0.7817647546045511,0.29531832611406983
Bus,31,0.6662029150031175,0.26017437951562244,0.7623085441544205,0.24352915768829975,295,0.863985026290323,0.7710815520305727,0.3011329729089502
Bus,32,0.6641572575257495,0.26141354458169,0.7602763616781263,0.2456281005268174,295,0.863985026290323,0.7687138518793891,0.30256721659183916
Bus,33,0.6590106215169924,0.2643024847173769,0.7554323505064643,0.24929529370448789,295,0.863985026290323,0.7627569940032114,0.3059109552537128
Bus,34,0.6543298972290749,0.2653768085370757,0.7513922811587745,0.2516382439304446,295,0.863985026290323,0.7573393951496583,0.30715440715045644
Bus,35,0.6500906054274026,0.2665582197244549,0.7477354730968696,0.2533285746967267,295,0.863985026290323,0.7524327223802535,0.3085218049078595
Bus,36,0.6441538123610884,0.2687087183839599,0.7423948372582171,0.2565173827270463,295,0.863985026290323,0.7455613150228773,0.3110108511228599
Bus,37,0.6410198486094857,0.2712059666211904,0.7392033345998149,0.25895322171796525,295,0.863985026290323,0.7419339792980222,0.31390123482308785
Bus,38,0.6366988307660608,0.2723723154802496,0.7354091368645357,0.2606618756035038,295,0.863985026290323,0.7369327145631714,0.31525119902798515
Bus,39,0.6326563277530786,0.27587391083104784,0.7310143373407177,0.2649547769408271,295,0.863985026290323,0.7322538105428791,0.3193040416632713
Bus,40,0.626466461397253,0.2779253247927239,0.7254351067920576,0.2674336193396107,295,0.863985026290323,0.7250894892092064,0.32167840452750307
Bus,41,0.6271883520258704,0.27779512001412365,0.725920952366968,0.26802929081255744,295,0.863985026290323,0.7259250252505159,0.3215277019404926
Bus,42,0.6188456785637391,0.28212304704266833,0.7178703636930507,0.2724759238322945,295,0.863985026290323,0.7162689858421107,0.32653696355597156
Bus,43,0.6167701409865483,0.28250660492900187,0.715970380423851,0.27354239416009757,295,0.863985026290323,0.713866701642693,0.3269809039885742
Bus,44,0.6112708549815412,0.2839247749865369,0.7110920105197693,0.2750628358012822,295,0.863985026290323,0.7075016769748244,0.32862233296521304
Bus,45,0.6088286227549575,0.28484930003193776,0.7089087199463483,0.2755169892131455,295,0.863985026290323,0.7046749703164117,0.32969240364614893
Bus,46,0.6075669652169629,0.28601382994292834,0.7073458875131281,0.27749535404337333,295,0.863985026290323,0.7032146932287267,0.3310402625505916
Bus,47,0.6013495894354953,0.28860834772162836,0.7012987968543699,0.28074158299881474,295,0.863985026290323,0.6960185317302306,0.33404322868976194
Bus,48,0.5972154203200698,0.2883229428627096,0.6978829021596235,0.28138471871142146,295,0.863985026290323,0.6912335308452311,0.333712893267001
Bus,49,0.5977869682013378,0.2906127821534063,0.6976560763228912,0.28304515982959266,295,0.863985026290323,0.6918950560613821,0.33636321615573034
Bus,50,0.5936781370554638,0.29312073484007406,0.6932279007463382,0.2864806588441968,295,0.863985026290323,0.6871393820382847,0.3392659894797498
Bus,51,0.591251920655068,0.292853370064237,0.6912227577538368,0.28681170608070755,295,0.863985026290323,0.6843312125369994,0.338956534144644
Bus,52,0.589370622430417,0.29287606885425715,0.6896056702625728,0.28716812503509304,295,0.863985026290323,0.68215374629927,0.3389828063476677
Bus,53,0.5883661425721752,0.294335319286777,0.6881495348909714,0.28922455085096216,295,0.863985026290323,0.6809911337218798,0.3406717828786446
Bus,54,0.5863915898782539,0.2950084301271738,0.6863784753246202,0.289266645784627,295,0.863985026290323,0.6787057322000509,0.3414508598532618
Bus,55,0.5826096936889272,0.2948801727561961,0.6832163420940323,0.2895444637945743,295,0.863985026290323,0.6743284616753927,0.341302411249322
Bus,56,0.5806919525245655,0.2968462795941714,0.6806804892633256,0.292648378372419,295,0.863985026290323,0.672108815378285,0.3435780373055016
Bus,57,0.5819169865573821,0.2988333563790455,0.6810370894434644,0.2942612290296121,295,0.863985026290323,0.6735267034151605,0.3458779345541912
Bus,58,0.5805605737656645,0.2990090213143242,0.6797702659381786,0.29480319866695076,295,0.863985026290323,0.6719567539942295,0.34608125397516887
Bus,59,0.5789458446917398,0.29924522384583685,0.6782701526761595,0.2953629859230282,295,0.863985026290323,0.6700878222132497,0.3463546412727784
Bus,60,0.577482160178144,0.29930503602298075,0.6769591692826511,0.29575445141546036,295,0.863985026290323,0.6683937135550471,0.34642386952943083
Bus,61,0.5715705845161428,0.2996693684182056,0.6719004465974023,0.29590774599740316,295,0.863985026290323,0.6615514935140545,0.346845557850569
Bus,62,0.5697073862340115,0.2999526357859097,0.670171407974194,0.29643112309398206,295,0.863985026290323,0.6593949766469378,0.3471734192822889
Bus,63,0.5684386876958166,0.30033491272519475,0.6689180344685475,0.2970000673825169,295,0.863985026290323,0.6579265501122301,0.3476158771115946
Bus,64,0.5671648512117096,0.30067330057796726,0.6676774286243552,0.2974879536566134,295,0.863985026290323,0.6564521767778027,0.3480075365066948
Bus,65,0.5657348726241438,0.30046555941277364,0.6664954610191912,0.2975193537019673,295,0.863985026290323,0.6547970802841682,0.3477670911761946
Bus,66,0.5641238763717067,0.30149549067714065,0.6647197124529781,0.29858155866122044,295,0.863985026290323,0.6529324689733053,0.34895916191009285
Bus,67,0.5625141527707577,0.3014021526360106,0.6633461395519801,0.29868532882877424,295,0.863985026290323,0.6510693306642299,0.3488511298976275
Bus,68,0.5630954431218722,0.30147455052731015,0.6638443881558319,0.29862595590953345,295,0.863985026290323,0.651742132082572,0.34893492520552816
Bus,69,0.561042637670341,0.30087467002195983,0.6622426688686,0.29841034978989334,295,0.863985026290323,0.6493661586697627,0.3482406070320686
Bus,70,0.559103438579841,0.3014307304594083,0.6603291175893553,0.29913918877566664,295,0.863985026290323,0.6471216763795704,0.3488842066553584
Bus,71,0.558556587663295,0.3023875407578002,0.6595397714421453,0.2998623977611619,295,0.863985026290323,0.6464887361087256,0.34999164517486625
Bus,72,0.5560517730937826,0.30167647861431385,0.6575800048553969,0.29955269901937875,295,0.863985026290323,0.6435895949276946,0.34916864231966693
Bus,73,0.5539314818502918,0.3022325242617138,0.6555409449407664,0.30007260203309166,295,0.863985026290323,0.6411355116056785,0.3498122248245484
Bus,74,0.5548562426961657,0.3026307823933688,0.6561115751945317,0.30082272204389354,295,0.863985026290323,0.6422058552085584,0.3502731797248491
Bus,75,0.55421877171987,0.3029906537755541,0.6553972948306392,0.3013117406279341,295,0.863985026290323,0.6414680287915512,0.35068970474696726
Bus,76,0.553607405751653,0.3031042073098633,0.6548203399901711,0.3014663248252551,295,0.863985026290323,0.6407604170279052,0.35082113472648524
Bus,77,0.5526219066066703,0.3031129167584966,0.653919509342396,0.30169780020418313,295,0.863985026290323,0.6396197732493734,0.35083121528155076
Bus,78,0.5510218194142336,0.3031214867595714,0.6525180078935839,0.30177766089667674,295,0.863985026290323,0.6377677883841877,0.3508411344361819
Bus,79,0.5496104491778194,0.30291327490350045,0.651323453731185,0.3018253400257221,295,0.863985026290323,0.6361342297072808,0.3506001443151321
Bus,80,0.5486904755653872,0.3028036086095414,0.6505391652845374,0.30185613850846243,295,0.863985026290323,0.6350694269798745,0.35047321353436395
Bus,81,0.547977681560924,0.30267122097792065,0.6499687207295161,0.3017400605498131,295,0.863985026290323,0.6342444196212125,0.35031998445331236
Bus,82,0.5463687426241897,0.30239260554510317,0.648623521019322,0.30172864013353634,295,0.863985026290323,0.6323821895040511,0.34999750729880225
Bus,83,0.5438429768702182,0.3035348856338105,0.6459269370737832,0.3030796629613305,295,0.863985026290323,0.6294587988466733,0.35131961364781145
Bus,84,0.5456520776410689,0.30278627518356444,0.6478387839841869,0.3021584000988813,295,0.863985026290323,0.6315527017683691,0.3504531513510511
Bus,85,0.542221287285753,0.3034445520054671,0.6445254719795557,0.30307913822213006,295,0.863985026290323,0.6275818107796136,0.3512150590252258
Bus,86,0.5419020922837456,0.30365874172317237,0.644149813079319,0.30334487606276017,295,0.863985026290323,0.6272123657171478,0.35146296808752164
Bus,87,0.5413513914888681,0.3037279411529248,0.6436159291537634,0.3035249104501121,295,0.863985026290323,0.6265749694913798,0.35154306140817737
Bus,88,0.5402979054779655,0.30360661609576794,0.6427396545332826,0.30339928915783426,295,0.863985026290323,0.6253556358468768,0.35140263645465963
Bus,89,0.5399296458818416,0.30370339239292427,0.6423565563508224,0.3036069542253016,295,0.863985026290323,0.6249294020755519,0.3515146479990863
Bus,90,0.5393810480789369,0.3037599807362526,0.6418617483047991,0.3036088176534091,295,0.863985026290323,0.624294439910455,0.3515801449019335
Bus,91,0.5387347274143085,0.30386037581104774,0.6412498092902504,0.3037192587582879,295,0.863985026290323,0.6235463706211022,0.3516963449189942
Bus,92,0.538105146667375,0.30402501918001135,0.6406213130353482,0.3039241183360583,295,0.863985026290323,0.622817676572275,0.35188690767639585
Bus,93,0.5378662053295777,0.30422039623494485,0.6403115203041657,0.30422613686721084,295,0.863985026290323,0.6225411193050465,0.3521130424460832
Bus,94,0.5373453427826927,0.30444703986806726,0.6397545786461918,0.3044893307198737,295,0.863985026290323,0.6219382586870548,0.35237536601214725
Bus,95,0.5369912804992075,0.30459521600241296,0.6393668071470283,0.3047221159197998,295,0.863985026290323,0.6215284572753272,0.35254686913990624
Bus,96,0.5368847154880048,0.3046845091695567,0.6392327457987043,0.304836628798278,295,0.863985026290323,0.6214051160044023,0.3526502195041216
Bus,97,0.536328390732683,0.30464144738403987,0.638745105624054,0.3048606835716938,295,0.863985026290323,0.6207612104523461,0.35260037861081156
Bus,98,0.5356402823397769,0.30438168557897227,0.6382194347238778,0.30469997124956083,295,0.863985026290323,0.6199647748985256,0.3522997231629007
Bus,99,0.5348767331080198,0.304347881057106,0.637538492166411,0.3047611814210727,295,0.863985026290323,0.6190810220457296,0.3522605968808036
Bus,100,0.5346333294062456,0.3043669364481977,0.63730203532527,0.30484606860305385,295,0.863985026290323,0.6187992999158691,0.3522826521138364
Cat,1,0.7937650714683142,0.2704445177135917,0.8463267957652465,0.26013495833372874,340,0.8727019152783883,0.9095489050406249,0.3098933472918081
Cat,2,0.8417750925637708,0.17862161459913062,0.899861639700283,0.14946383867869503,340,0.8727019152783883,0.9645619859734673,0.20467654702253182
Cat,3,0.8632269284911186,0.13819336562563592,0.9185280331735577,0.11130581153266364,340,0.8727019152783883,0.9891429288495979,0.15835116573744748
Cat,4,0.8680784605294962,0.11821363865419574,0.9239292828935287,0.08824427923532088,340,0.8727019152783883,0.9947021375019932,0.13545706338513774
Cat,5,0.8727019152783883,0.11071966395040761,0.9271534067962165,0.08471028742939236,340,0.8727019152783883,1.0,0.12686996786879803
Cat,6,0.8689128761988557,0.11365214711822709,0.9247574284328064,0.08612806145260063,340,0.8727019152783883,0.9956582665705233,0.130230202464919
Cat,7,0.8654549354689351,0.12034123338984606,0.9219209687264438,0.09467276460931547,340,0.8727019152783883,0.9916959276901078,0.13789500318841139
Cat,8,0.8671709643494561,0.11795602395185922,0.9229980435854145,0.09557444190005233,340,0.8727019152783883,0.9936622679151932,0.13516187129511656
Cat,9,0.869382811064051,0.12101493674328463,0.9237368900293534,0.10146817687072751,340,0.8727019152783883,0.9961967492493947,0.13866697737758646
Cat,10,0.8696509490679821,0.11960126503696722,0.9241432823688386,0.09877381331366279,340,0.8727019152783883,0.9965039996395185,0.1370470981478423
Cat,11,0.8697265975151369,0.11776932577104483,0.9243228676418905,0.09812017791493535,340,0.8727019152783883,0.9965906826704944,0.13494794008040753
Cat,12,0.8648309769284713,0.12053871481618925,0.9216228274944274,0.09330870372372876,340,0.8727019152783883,0.9909809544219849,0.13812129056430214
Cat,13,0.8629473405526716,0.1294126125036634,0.9194186702463256,0.10316787810424034,340,0.8727019152783883,0.9888225583616315,0.14828959377542023
Cat,14,0.8605663381533836,0.13178772659115723,0.9177673327155874,0.10531268483455382,340,0.8727019152783883,0.9860942471735799,0.15101115774349766
Cat,15,0.8586223407821412,0.13376010866376392,0.9163393429712919,0.10791138357006813,340,0.8727019152783883,0.9838666854629787,0.1532712445361083
Cat,16,0.8550931989902225,0.14165273942868079,0.9130222747648683,0.11894743794109734,340,0.8727019152783883,0.9798227596618158,0.16231514672853004
Cat,17,0.8539037685052966,0.14351401520251264,0.9121515555028271,0.11949144399450569,340,0.8727019152783883,0.9784598309640524,0.16444792052132975
Cat,18,0.8487125666660317,0.1523456707055497,0.9077766579138847,0.12883437036056655,340,0.8727019152783883,0.9725114060226348,0.17456781982305156
Cat,19,0.8456165193153117,0.15364810088203576,0.905781566665936,0.1297797882118312,340,0.8727019152783883,0.9689637486879624,0.17606023109623023
Cat,20,0.8417444357199313,0.15702244920702327,0.90302191485871,0.13241238762322294,340,0.8727019152783883,0.9645268573192237,0.17992678422956568
Cat,21,0.8378234885865877,0.1582475080350901,0.900533351195463,0.13321644258772908,340,0.8727019152783883,0.960033974853058,0.18133053825670797
Cat,22,0.8342185168316233,0.16090341828831684,0.8981381815368418,0.13366465285976145,340,0.8727019152783883,0.9559031580279174,0.18437385718007657
Cat,23,0.8309937726207665,0.16267643805528126,0.8957784343719276,0.13707860873446043,340,0.8727019152783883,0.9522080312562199,0.1864055013599783
Cat,24,0.8241573697637066,0.16953199810218803,0.8905879744462517,0.14300032275641777,340,0.8727019152783883,0.9443744253738733,0.1942610588268367
Cat,25,0.8177316480590453,0.17685369751061905,0.8853767211016589,0.15052897117707653,340,0.8727019152783883,0.937011405318381,0.20265074983157733
Cat,26,0.8090692880196857,0.18661901587352167,0.8781015463548437,0.1617212391573207,340,0.8727019152783883,0.9270854960385826,0.21384050224524945
Cat,27,0.8070727159988706,0.18343067478135605,0.8776253584193104,0.15696577319283883,340,0.8727019152783883,0.9247976907916122,0.21018708859237742
Cat,28,0.8040083564338819,0.1856155865880099,0.8753909412322596,0.1584061406243275,340,0.8727019152783883,0.9212863434330915,0.212690706114469
Cat,29,0.7995268448119371,0.18915032547535934,0.8718270687237494,0.16288174793416318,340,0.8727019152783883,0.9161511288271798,0.21674104544049405
Cat,30,0.7930995502321215,0.19535855827596935,0.8663900605335101,0.17069557943217864,340,0.8727019152783883,0.9087863064665397,0.22385485221910026
Cat,31,0.7882606635288919,0.19797466839117164,0.8628386212582633,0.17288624957300222,340,0.8727019152783883,0.9032415876816772,0.2268525654925583
Cat,32,0.7838307501188811,0.19891273696747075,0.8599619267098908,0.1725450277238443,340,0.8727019152783883,0.8981654977448312,0.22792746696793764
Cat,33,0.7790550946006842,0.20212935312001473,0.8562506221043625,0.17566092365796318,340,0.8727019152783883,0.8926932334646807,0.23161328006887244
Cat,34,0.7741388522871377,0.2036280049426681,0.8527665545614478,0.1772096690018467,340,0.8727019152783883,0.887059875467548,0.23333053517788102
Cat,35,0.7669220464466618,0.2075118747167593,0.8472679403791328,0.18096989941739405,340,0.8727019152783883,0.8787903785017097,0.23778093193546376
Cat,36,0.766075709916352,0.20956644095089302,0.8462927537088899,0.18280998376102547,340,0.8727019152783883,0.877820589716452,0.24013519081603277
Cat,37,0.7611443702579076,0.21135784898220844,0.8427284052072468,0.18414985600542483,340,0.8727019152783883,0.8721699321756453,0.242187905494382
Cat,38,0.7565231119914798,0.2142746325854454,0.8390345865097193,0.18701177865661295,340,0.8727019152783883,0.866874586553591,0.24553015048339008
Cat,39,0.751665715570712,0.21644525779390839,0.8353382326879293,0.1890985624323326,340,0.8727019152783883,0.861308658101127,0.24801739746940196
Cat,40,0.7425396811650802,0.22077616819365256,0.8283416128126242,0.19259926544642336,340,0.8727019152783883,0.8508514398392413,0.25298004316081496
Cat,41,0.7426476137828771,0.22073510209589653,0.8283737506270726,0.1929429333935327,340,0.8727019152783883,0.8509751162239351,0.25293298688989696
Cat,42,0.7371853632233748,0.22243962146616625,0.8242494116324828,0.19495213427229105,340,0.8727019152783883,0.8447161055997175,0.2548861387512928
Cat,43,0.7319095419273232,0.22640584577420844,0.8197974745368066,0.19830912220768213,340,0.8727019152783883,0.8386707180467767,0.2594309028209087
Cat,44,0.7281233963335714,0.22687349890196878,0.8171066017501635,0.19873528959029108,340,0.8727019152783883,0.8343323001660917,0.2599667709330019
Cat,45,0.7221218828274052,0.2296646558050285,0.8123215363609256,0.2013617218094405,340,0.8727019152783883,0.8274553661281371,0.26316506447882204
Cat,46,0.7193600814121899,0.23163447831744108,0.8098768003999368,0.20371034333743465,340,0.8727019152783883,0.824290710056156,0.2654222183568265
Cat,47,0.7149837040671296,0.23261870469036003,0.8066537851605393,0.20426781061859248,340,0.8727019152783883,0.8192759653094754,0.26655001051092647
Cat,48,0.7130513990999728,0.23416581116682034,0.8048800404330261,0.20606359342840752,340,0.8727019152783883,0.817061801534505,0.2683227881906532
Cat,49,0.7093518407883668,0.23657110312984536,0.8016279774222651,0.20884891542137632,340,0.8727019152783883,0.8128226011307498,0.2710789319791743
Cat,50,0.7071252564347403,0.2377700328416631,0.7997736955554414,0.20997402727756204,340,0.8727019152783883,0.810271232427822,0.2724527455240149
Cat,51,0.704962064457269,0.23872100783559133,0.7978587376309063,0.21203838052033608,340,0.8727019152783883,0.807792502933134,0.273542436032629
Cat,52,0.7026162727807457,0.24035779575841398,0.7957320718877819,0.2140247091159511,340,0.8727019152783883,0.8051045385372095,0.2754179766887997
Cat,53,0.7012974851479734,0.2399805537272654,0.7950135751448922,0.21274180372099188,340,0.8727019152783883,0.8035933838007706,0.2749857076350206
Cat,54,0.6974926740488385,0.24014339097216064,0.7922017474773719,0.2135566403579038,340,0.8727019152783883,0.7992335777403918,0.2751722973995719
Cat,55,0.6945902838714323,0.24073343750797685,0.7898802197331214,0.21484707783194365,340,0.8727019152783883,0.7959078256976907,0.27584841203331595
Cat,56,0.6926620600048332,0.24071846907894445,0.7884983163447847,0.2148964347044362,340,0.8727019152783883,0.7936983383196505,0.27583126021002974
Cat,57,0.6894360537232079,0.24289873118701324,0.7855459385524751,0.21749570771324808,340,0.8727019152783883,0.7900017653831787,0.2783295497976873
Cat,58,0.6876304718922966,0.24153539816209327,0.7847370061484056,0.21527513589616196,340,0.8727019152783883,0.7879328094208954,0.27676735198300156
Cat,59,0.6868570896251728,0.24153190310727468,0.7841235664249038,0.21566839156111473,340,0.8727019152783883,0.7870466164911168,0.27676334711632555
Cat,60,0.6832149711315368,0.24309589497358453,0.7810269325278709,0.21755367923875293,340,0.8727019152783883,0.7828732344578322,0.278555473200764
Cat,61,0.6799086327547201,0.2458008700517294,0.777894018834712,0.22023188535099442,340,0.8727019152783883,0.7790846116544068,0.2816550138695639
Cat,62,0.6778412278843045,0.24604156751755593,0.7763153040027723,0.22052047054522345,340,0.8727019152783883,0.7767156414089866,0.2819308210628479
Cat,63,0.6766290474482533,0.2449691896927579,0.7757864110113696,0.21906073830203474,340,0.8727019152783883,0.7753266443014639,0.28070201910192183
Cat,64,0.672614008069008,0.24602242917752087,0.7725562145018104,0.2201897305580719,340,0.8727019152783883,0.7707259446708639,0.28190889107770634
Cat,65,0.6699939091215193,0.24868201928451722,0.7697925596022623,0.22354488358289104,340,0.8727019152783883,0.7677236607276083,0.28495642662270165
Cat,66,0.6698399864309532,0.24780035314824336,0.7700570669972042,0.22170290488991837,340,0.8727019152783883,0.767547285853357,0.28394615482102625
Cat,67,0.6678429873901388,0.24860754153571546,0.7683466658142344,0.22256959115366853,340,0.8727019152783883,0.7652589912984202,0.2848710850558987
Cat,68,0.6662583444497894,0.24964975533533362,0.7668335288612675,0.22392616337521673,340,0.8727019152783883,0.763443201837429,0.28606532306703647
Cat,69,0.6656542970778166,0.24962741248549966,0.7664028721463967,0.22386103027481294,340,0.8727019152783883,0.7627510441127836,0.2860397211410606
Cat,70,0.6618254342295223,0.2517736654641433,0.7628855434361227,0.22647284747909915,340,0.8727019152783883,0.758363677955723,0.288499040802298
Cat,71,0.6601613130001157,0.2516487259524058,0.7616584732354502,0.22651169143143213,340,0.8727019152783883,0.7564568169757334,0.28835587678540947
Cat,72,0.6595936234491049,0.25166634217943545,0.7612331089804313,0.2265106244380225,340,0.8727019152783883,0.7558063204647572,0.2883760626320557
Cat,73,0.6579739732460783,0.25144633508451425,0.7600637799960799,0.2264477951102081,340,0.8727019152783883,0.753950417349763,0.28812396384429145
Cat,74,0.6542482096446908,0.2514658942092507,0.7573024222248581,0.2262409589525782,340,0.8727019152783883,0.7496811891789974,0.2881463759925795
Cat,75,0.6522866900033792,0.2524721109559294,0.7555594540334544,0.22711002590360094,340,0.8727019152783883,0.7474335492838956,0.28929936618208507
Cat,76,0.6513417252514995,0.2522296439756577,0.7548964046205517,0.22699860983092604,340,0.8727019152783883,0.7463507457110647,0.2890215313612524
Cat,77,0.6475515419001756,0.25294862885713787,0.7518308619416939,0.22772202058493743,340,0.8727019152783883,0.7420077010987302,0.289845392142228
Cat,78,0.6468220041294591,0.25310819423605846,0.7512374925355358,0.22783894342006444,340,0.8727019152783883,0.7411717481141606,0.29002823278475104
Cat,79,0.6452644345672919,0.2540657359162815,0.7497692000243099,0.22884023579350013,340,0.8727019152783883,0.7393869811337073,0.2911254478400401
Cat,80,0.6432338317702705,0.25523999256283203,0.747897171897809,0.2298977549691171,340,0.8727019152783883,0.7370601811559925,0.2924709893428062
Cat,81,0.6422495811794068,0.2561733214175396,0.7467948124456841,0.23135869141669113,340,0.8727019152783883,0.735932361251358,0.29354045972939274
Cat,82,0.6419571417722735,0.25588546664060513,0.746627263583352,0.2312761066647417,340,0.8727019152783883,0.7355972646943164,0.293210616547093
Cat,83,0.638907962429238,0.2575468910488964,0.7438039718342357,0.23291258024691167,340,0.8727019152783883,0.7321033118455218,0.2951143873297677
Cat,84,0.6381612915513731,0.2578839161100265,0.7431086755166669,0.23339131029256932,340,0.8727019152783883,0.7312477266052548,0.29550057309976524
Cat,85,0.6366626757663669,0.25822946310536743,0.7418623612424311,0.23368892187438342,340,0.8727019152783883,0.7295305127905835,0.2958965238697721
Cat,86,0.6358442111091324,0.2580325624781875,0.7412421329748011,0.23378198749570245,340,0.8727019152783883,0.7285926614545136,0.2956709020122595
Cat,87,0.6341889677006972,0.2582079614136922,0.7398764196818239,0.23420082687996183,340,0.8727019152783883,0.7266959732732953,0.29587188579885826
Cat,88,0.6326009813498813,0.2587126845410334,0.7384904507922334,0.23477823555985564,340,0.8727019152783883,0.7248763527098302,0.29645023118633257
Cat,89,0.6311993153374373,0.25987466152643424,0.7370098327749306,0.23628646825011465,340,0.8727019152783883,0.723270230404029,0.29778170183519687
Cat,90,0.6305881693902684,0.2595080782243435,0.7365681407547598,0.2364314339779947,340,0.8727019152783883,0.7225699386589675,0.29736164626333095
Cat,91,0.629918317469393,0.26003697553437993,0.735886162000076,0.23698709396395926,340,0.8727019152783883,0.7218023776978324,0.29796769203998963
Cat,92,0.6288621285577514,0.25974257953272756,0.7351731629144014,0.23654490370631256,340,0.8727019152783883,0.720592126072219,0.2976303534865863
Cat,93,0.6268117959803354,0.26082555577943334,0.7332697071861339,0.23750228999703624,340,0.8727019152783883,0.7182427183975929,0.2988712998254749
Cat,94,0.627920904528239,0.2603552098942611,0.7342473086769266,0.23722755684247765,340,0.8727019152783883,0.7195136088683097,0.29833234617252885
Cat,95,0.625104725219122,0.2609132330146041,0.7318461096640776,0.23805623235648837,340,0.8727019152783883,0.7162866429824624,0.29897176624320104
Cat,96,0.6276164661310675,0.258477476984805,0.7345685049834714,0.23543245042026165,340,0.8727019152783883,0.7191647630690262,0.29618071469724205
Cat,97,0.6263495848267487,0.25827580418664325,0.7336121309950365,0.2354231316046783,340,0.8727019152783883,0.71771308606209,0.29594962456826324
Cat,98,0.6230193286981057,0.2600529325914261,0.7304697588324526,0.23721674493825512,340,0.8727019152783883,0.7138970567050551,0.2979859766991233
Cat,99,0.6223829333086596,0.26002766148221906,0.72995017473323,0.23737454920775572,340,0.8727019152783883,0.7131678324667386,0.29795701937845676
Cat,100,0.6205751969498777,0.261542197632183,0.7280047399497986,0.23930046108950315,340,0.8727019152783883,0.7110964077028716,0.2996924758080222
Clock,1,0.7233610365332492,0.2850319758275431,0.7978683373569421,0.2558778825891654,296,0.742022510910489,0.9748505279788056,0.38412847539867534
Clock,2,0.742022510910489,0.27565690058896664,0.8139266440334342,0.24389535956554634,296,0.742022510910489,1.0,0.371493986416565
Clock,3,0.7411811122108934,0.27033893543479176,0.8154217278670292,0.23495460255174175,296,0.742022510910489,0.998866073889641,0.3643271349046755
Clock,4,0.7344695008443946,0.27445605983473803,0.8088365561999314,0.24465604290936002,296,0.742022510910489,0.989821049961373,0.3698756517480451
Clock,5,0.7261522394842441,0.283076884884341,0.8002712470661966,0.25457583181373933,296,0.742022510910489,0.9786121429028192,0.3814936618796042
Clock,6,0.7048845635444002,0.29738529423166665,0.7800644471529133,0.272844823711967,296,0.742022510910489,0.9499503764103879,0.40077664741837
Clock,7,0.6768194124383005,0.31102274968820337,0.7542814326424533,0.2901705830393814,296,0.742022510910489,0.912127870093615,0.4191554098629258
Clock,8,0.654356945653668,0.3306006985854306,0.7290390781767407,0.3149172818406045,296,0.742022510910489,0.8818559222020743,0.4455399852758798
Clock,9,0.6318906317000341,0.3359854286670452,0.7090462508447767,0.3222401464414711,296,0.742022510910489,0.8515787896039447,0.45279681374461095
Clock,10,0.6152775599119772,0.346911458034926,0.6907870736064555,0.33533400965183735,296,0.742022510910489,0.829189884221988,0.46752147399039534
Clock,11,0.5904032584572734,0.3527751550296082,0.6671173983312326,0.34450485705279993,296,0.742022510910489,0.7956675839023089,0.475423790845294
Clock,12,0.5657650717586454,0.35424733153340704,0.6450054614853904,0.34824607079676667,296,0.742022510910489,0.762463487885874,0.4774077960232399
Clock,13,0.537192450784867,0.35661911861813084,0.6181772023948482,0.3530575054548871,296,0.742022510910489,0.7239570806628387,0.4806041776017631
Clock,14,0.5227989694035993,0.3567732560404876,0.6046088979070507,0.35513706198997425,296,0.742022510910489,0.7045594462654585,0.4808119036748813
Clock,15,0.5111243052321173,0.3579700682789115,0.5932416826974264,0.356489524432501,296,0.742022510910489,0.6888258748443479,0.4824248092415269
Clock,16,0.4871400904434145,0.36005589037951796,0.5688920069089982,0.36142221673218583,296,0.742022510910489,0.6565031158497815,0.4852358049592271
Clock,17,0.4785741842456269,0.3613624453715039,0.559505902074584,0.36458171144383644,296,0.742022510910489,0.6449591180979115,0.48699660732408084
Clock,18,0.4622679033238193,0.35459815887154444,0.5463773047805559,0.35950556862757044,296,0.742022510910489,0.6229836649518887,0.477880594803572
Clock,19,0.445895395693054,0.3556947491975479,0.5289352601881604,0.3624034939647069,296,0.742022510910489,0.6009189601888545,0.47935843450503585
Clock,20,0.43495736449489064,0.35457020996618344,0.5177172143665131,0.3634687659702323,296,0.742022510910489,0.5861781254603474,0.47784292895792707
Clock,21,0.41593361016011554,0.34832533000408256,0.500797165756725,0.3578141804800481,296,0.742022510910489,0.5605404203300378,0.46942690401221726
Clock,22,0.40239721050784083,0.34551277702697564,0.48745863970305164,0.35625880655708864,296,0.742022510910489,0.5422978475600216,0.4656365163410187
Clock,23,0.39253333142677815,0.3453546441769336,0.4767253108266112,0.35640666548608246,296,0.742022510910489,0.5290046132766583,0.4654234057578263
Clock,24,0.38054332797253654,0.3414223485410143,0.46497859467735914,0.3543914555910956,296,0.742022510910489,0.512846069192154,0.46012397672690075
Clock,25,0.37130148664961626,0.33844226738605443,0.45604127738508704,0.3518000242259192,296,0.742022510910489,0.5003911352959032,0.45610781668978384
Clock,26,0.3650176796128557,0.3337982694720156,0.45092797617622227,0.3485673718343589,296,0.742022510910489,0.49192264957698595,0.4498492492666197
Clock,27,0.35713707409452006,0.33122536501869343,0.44280292252728476,0.3476282916053552,296,0.742022510910489,0.4813022096274407,0.44638182824435835
Clock,28,0.3503526841708524,0.32999567591540174,0.4351875647683568,0.3479178094758501,296,0.742022510910489,0.4721591043659265,0.4447246155786903
Clock,29,0.3376901355330048,0.32340662828912714,0.42305521527534606,0.3438699240352422,296,0.742022510910489,0.45509419265278966,0.4358447668822005
Clock,30,0.3320275498606456,0.32405182790708537,0.41593501730601284,0.34479543699572585,296,0.742022510910489,0.44746290709325726,0.4367142817668184
Clock,31,0.3239217897189419,0.3175129075114514,0.40897015774242623,0.3403183100589732,296,0.742022510910489,0.4365390334606937,0.4279019879354487
Clock,32,0.3137703131101479,0.31395007458914354,0.39823281723848175,0.3376425419207302,296,0.742022510910489,0.42285821318970523,0.42310047198421946
Clock,33,0.3030862466734635,0.30962511936621684,0.38688235184391123,0.334655908425286,296,0.742022510910489,0.4084596386456868,0.4172718681894103
Clock,34,0.29571933946118495,0.3089160125934033,0.37785327829397647,0.3346769853807458,296,0.742022510910489,0.39853149346955313,0.4163162276766401
Clock,35,0.28916537801504605,0.3045198012334799,0.37177569319692555,0.3303313690731492,296,0.742022510910489,0.38969892929559435,0.4103915942655471
Clock,36,0.2856126182662511,0.3005903252394325,0.36878915417724223,0.3281487777774041,296,0.742022510910489,0.38491098863805884,0.40509596517576957
Clock,37,0.27889941227066123,0.2978761999815153,0.3614541858727613,0.32590294045518103,296,0.742022510910489,0.3758638156791785,0.4014382253929335
Clock,38,0.27273171446335814,0.29639604290371196,0.35398807701628027,0.3254319761227593,296,0.742022510910489,0.36755180665436454,0.39944346505070727
Clock,39,0.2688804785709705,0.2940383648472709,0.3499397866300259,0.32387610084076107,296,0.742022510910489,0.362361619246624,0.3962660977582405
Clock,40,0.26011683341764963,0.29206766225045566,0.3395807075698124,0.32124382553039615,296,0.742022510910489,0.3505511350302253,0.39361024491302543
Clock,41,0.2557657901003706,0.2882889548109011,0.3354369220693181,0.31841897866918717,296,0.742022510910489,0.3446873731452386,0.38851780178091894
Clock,42,0.24985506487061623,0.285902739768548,0.3287767130005917,0.31569887069491315,296,0.742022510910489,0.33672167784240786,0.38530197610546185
Clock,43,0.24834653068271575,0.2866357145177494,0.3264645213946628,0.3162251225977853,296,0.742022510910489,0.33468867457671253,0.3862897827264523
Clock,44,0.2454889911333237,0.2847831331901375,0.3233561913189487,0.31503076820719544,296,0.742022510910489,0.33083765994120534,0.3837931181369391
Clock,45,0.24164671045531244,0.2820711579461124,0.31939690393996034,0.31255584008689496,296,0.742022510910489,0.32565954118939466,0.38013827585904464
Clock,46,0.23948310705534534,0.28110578714088313,0.31691077620351754,0.3116217464868415,296,0.742022510910489,0.3227437221028385,0.37883727650789994
Clock,47,0.23387417405987704,0.2749840328452333,0.311714999053309,0.30741775393561754,296,0.742022510910489,0.3151847425395556,0.3705871840839677
Clock,48,0.23087815967040765,0.27268023267232133,0.3086848389598297,0.3051000471265415,296,0.742022510910489,0.3111471097920084,0.3674824262915321
Clock,49,0.2273747625329947,0.2697269919495753,0.3050655930060368,0.30282978833703816,296,0.742022510910489,0.3064256935466789,0.3635024382462606
Clock,50,0.2223666377513341,0.26783632639408694,0.2988942707059228,0.3013744643597184,296,0.742022510910489,0.29967640399276035,0.3609544487611864
Clock,51,0.22143056280259088,0.26813861115995774,0.29753629479852395,0.3013388854469795,296,0.742022510910489,0.29841488573020164,0.36136182826979435
Clock,52,0.21821759184456607,0.2672750005401066,0.29341980490079256,0.3005530404930569,296,0.742022510910489,0.2940848675558441,0.36019796786508584
Clock,53,0.21617096206429484,0.26789092071471027,0.2904439494522761,0.30035865497308245,296,0.742022510910489,0.291326690074463,0.36102802378057
Clock,54,0.21452831909679207,0.2673279929570036,0.2883855049431447,0.29981588267062625,296,0.742022510910489,0.2891129526967557,0.3602693840500638
Clock,55,0.21025000953128584,0.26129531798366046,0.28483120544220863,0.29509309401618233,296,0.742022510910489,0.2833472117622164,0.35213934097907823
Clock,56,0.20606523307324345,0.2582878232310991,0.2801409020338531,0.29256227344445573,296,0.742022510910489,0.2777075224043996,0.3480862365134589
Clock,57,0.2046471615734628,0.2575963056269889,0.278374780899942,0.2921179447447325,296,0.742022510910489,0.2757964328095022,0.34715430036065714
Clock,58,0.20217841449216836,0.2545807384960641,0.2760483439075693,0.2898263732053114,296,0.742022510910489,0.2724693813454365,0.3430903170089599
Clock,59,0.20150698806069303,0.2541136230392153,0.2753144510641441,0.28928719806550934,296,0.742022510910489,0.2715645214232605,0.3424608004512
Clock,60,0.19884948383260095,0.24968958492883395,0.27334618707267416,0.2854980240461489,296,0.742022510910489,0.2679830879909631,0.336498665818717
Clock,61,0.197705039089993,0.2491300688221238,0.2718813161619856,0.28521719608540774,296,0.742022510910489,0.2664407564231463,0.33574462386111714
Clock,62,0.19493314841845405,0.2470783352430694,0.2685808637454138,0.28407019817308105,296,0.742022510910489,0.26270516804033867,0.3329795681533909
Clock,63,0.1924282350679462,0.24700758040732762,0.2649996635378818,0.28381132528749703,296,0.742022510910489,0.2593293764522449,0.33288421412477126
Clock,64,0.19285420626202893,0.24883470003929373,0.2649248680834645,0.2850237974018565,296,0.742022510910489,0.2599034442033163,0.3353465648016047
Clock,65,0.19559645367150705,0.2533149723386229,0.26706991448643824,0.28873467466819136,296,0.742022510910489,0.2635990833101586,0.3413844844515513
Clock,66,0.19230484285558538,0.25189228410328407,0.2630375401477963,0.2867763206547879,296,0.742022510910489,0.2591630847150719,0.33946717302983564
Clock,67,0.1897774297921993,0.24892927920347835,0.2604657929654229,0.2847427890834921,296,0.742022510910489,0.25575697098371775,0.3354740261155055
Clock,68,0.1889977178781678,0.24983511748918943,0.2590438345831262,0.2850328969353289,296,0.742022510910489,0.25470617818084873,0.33669479539459324
Clock,69,0.1842912195227073,0.2461618649098944,0.2536887853353244,0.2817539446751535,296,0.742022510910489,0.24836338091222485,0.3317444704040646
Clock,70,0.1805212700062744,0.2432791679834951,0.24931432038308643,0.2791803523329142,296,0.742022510910489,0.24328274055293572,0.32785955197637145
Clock,71,0.1775969847497603,0.2399965042831109,0.24631510807550816,0.27629064961980626,296,0.742022510910489,0.23934177486319416,0.3234356111226684
Clock,72,0.1767406704938387,0.23952111581585075,0.2452452052640709,0.27578673714372787,296,0.742022510910489,0.23818774753473637,0.32279494529343794
Clock,73,0.1739259018999771,0.2361852448431195,0.2424120101541822,0.27279320123863166,296,0.742022510910489,0.234394373947717,0.31829929870094037
Clock,74,0.17477208718663856,0.23855288376339176,0.2427168638535971,0.2748385871436095,296,0.742022510910489,0.23553475078833763,0.32149008993093564
Clock,75,0.17043625761829068,0.2347278729832814,0.23776374124975908,0.27150833335797186,296,0.742022510910489,0.22969149198608424,0.31633524526804674
Clock,76,0.17280288625921333,0.2374139381556353,0.24014429912526797,0.27423073824414873,296,0.742022510910489,0.23288092169491978,0.31995516937123597
Clock,77,0.16966479737307083,0.23590497669566876,0.2362199548531345,0.2719710972664188,296,0.742022510910489,0.22865181969329457,0.317921590284646
Clock,78,0.16937994773911966,0.23520611607215922,0.23607363772825116,0.2713875410110822,296,0.742022510910489,0.2282679369542094,0.31697975817950946
Clock,79,0.16834014185774565,0.23525376060176229,0.23446262958114458,0.2714934731404903,296,0.742022510910489,0.22686662383218817,0.31704396718786504
Clock,80,0.16772920269596583,0.23457080396231494,0.23385676562233892,0.27065257548910104,296,0.742022510910489,0.22604328066833973,0.3161235683732666
Clock,81,0.16705418119295526,0.2337365499849755,0.23312758353934743,0.27016745433399453,296,0.742022510910489,0.22513357578326515,0.31499927097652625
Clock,82,0.1661668782211457,0.23260520783193953,0.2322404301514968,0.26918381638638833,296,0.742022510910489,0.22393778595376146,0.31347459734951216
Clock,83,0.16555410824627256,0.23270703058755837,0.23119155229678326,0.2696420120286887,296,0.742022510910489,0.22311197546167644,0.31361182061986
Clock,84,0.1647738010664669,0.22972888681133904,0.23101096260440318,0.26797378517261977,296,0.742022510910489,0.22206038043816673,0.3095982715260932
Clock,85,0.16359551792327862,0.23103192576530954,0.2288789679960665,0.2682367785906784,296,0.742022510910489,0.22047244594040805,0.31135433543899477
Clock,86,0.16462162870890173,0.23293940559268725,0.22968073904882785,0.2698336227630936,296,0.742022510910489,0.22185530262000397,0.31392498498039095
Clock,87,0.16126965198895865,0.22984747970112554,0.22579059030118354,0.26716226978120994,296,0.742022510910489,0.21733795082722604,0.30975809536976745
Clock,88,0.15966531697630526,0.2291265632536588,0.22371651250148006,0.26604131696674094,296,0.742022510910489,0.21517583985476402,0.308786539336269
Clock,89,0.15964395726540284,0.22916382043749703,0.22359605184028283,0.266411854935409,296,0.742022510910489,0.2151470540556968,0.30883674965103763
Clock,90,0.15851917907228374,0.2281399189596168,0.2223320811299959,0.26526798336940977,296,0.742022510910489,0.21363122646747584,0.30745687038480907
Clock,91,0.15807635713093265,0.2278895999951902,0.22177467971621745,0.26493874694284264,296,0.742022510910489,0.21303444950338116,0.30711952352437566
Clock,92,0.15818025851523676,0.22772284953330368,0.22200978396659582,0.2647750611348584,296,0.742022510910489,0.21317447407511095,0.3068947992613854
Clock,93,0.157229142431314,0.22745782880798252,0.22069134131860085,0.2643200846096965,296,0.742022510910489,0.21189268535584999,0.3065376393081166
Clock,94,0.1577232979381026,0.22704180860039902,0.22160541849051338,0.26403721921604073,296,0.742022510910489,0.21255864292387883,0.30597698218320946
Clock,95,0.1554106158171875,0.224669003326551,0.21897651710026506,0.26198618910698623,296,0.742022510910489,0.20944191521426073,0.3027792284237763
Clock,96,0.15497555072003885,0.22423229534218675,0.21846094933133525,0.2616733672184447,296,0.742022510910489,0.20885559190094938,0.30219069104392193
Clock,97,0.15619817655486168,0.22607414973301942,0.21967063272854825,0.2629970286178422,296,0.742022510910489,0.21050328562566215,0.3046728992839019
Clock,98,0.1559482712050865,0.22654146604067396,0.21903123596265126,0.2637305911285353,296,0.742022510910489,0.21016649618046254,0.30530268652186743
Clock,99,0.15498099815841632,0.22584933087739575,0.21782240540342634,0.26309612020018824,296,0.742022510910489,0.20886293323938235,0.3043699181043312
Clock,100,0.15469305944409112,0.22548927843394598,0.21751502875023096,0.26280650666075533,296,0.742022510910489,0.2084748874454995,0.30388468694468895
Cow,1,0.6582956740054291,0.32999067230868595,0.73168499410967,0.3184709189280706,170,0.8219970810947114,0.8008491625404928,0.4014499319988024
Cow,2,0.7578590086534941,0.23800673373450798,0.8349880998426531,0.20488473171629892,170,0.8219970810947114,0.9219728708089814,0.28954693296177847
Cow,3,0.7855631253046171,0.19663080438205094,0.8632158096840663,0.15388856335167486,170,0.8219970810947114,0.9556762954175305,0.23921107374272407
Cow,4,0.7946063438302016,0.17782892525598312,0.8721978742407283,0.13722137737334772,170,0.8219970810947114,0.9666778168749315,0.2163376602495423
Cow,5,0.8082741338716175,0.16542601832114273,0.8829591478844938,0.12234273176538367,170,0.8219970810947114,0.9833053577212001,0.201248912101772
Cow,6,0.8080812203196373,0.16615455434350368,0.8825075419854802,0.12561701843223602,170,0.8219970810947114,0.9830706688683841,0.2021352121131914
Cow,7,0.8078255318654269,0.16357595661093852,0.8827922663781125,0.12251917080785228,170,0.8219970810947114,0.982759611250187,0.1989982207638656
Cow,8,0.8166179795277166,0.15001071358036025,0.8901332734026001,0.10981544571737811,170,0.8219970810947114,0.9934560575813347,0.18249543341514113
Cow,9,0.8140069595166772,0.15176158844184348,0.8882841137889005,0.11154539868588025,170,0.8219970810947114,0.9902796229307856,0.18462545905848218
Cow,10,0.8126381390291367,0.15190099802539295,0.8873369283558801,0.11278632018805719,170,0.8219970810947114,0.9886143852808934,0.18479505769423865
Cow,11,0.8175625426419086,0.14874589902823673,0.89074870946696,0.11020553102582467,170,0.8219970810947114,0.9946051652070382,0.18095672411651553
Cow,12,0.8208506917243362,0.14144263084742953,0.8936935507000452,0.10358364954724907,170,0.8219970810947114,0.9986053607771351,0.17207193808895332
Cow,13,0.8219970810947114,0.14290532303637762,0.8942820358149808,0.10375881753202153,170,0.8219970810947114,1.0,0.17385137529449685
Cow,14,0.8130749621448441,0.15753584347841149,0.8867194505800343,0.11906456288439272,170,0.8219970810947114,0.9891458021505563,0.19165012516663674
Cow,15,0.8177421734690814,0.1524321075226045,0.8901649684976412,0.11613902320246808,170,0.8219970810947114,0.9948236949698612,0.18544117859834724
Cow,16,0.8192865246156904,0.15063112435984516,0.8912795413652177,0.11553166920379986,170,0.8219970810947114,0.9967024743258077,0.1832501937345557
Cow,17,0.8161876473588314,0.1521925789824723,0.8892192423998416,0.11645325181021063,170,0.8219970810947114,0.9929325372686931,0.18514978031282875
Cow,18,0.8120789191907151,0.15825577872589383,0.8857907125540588,0.12252614675662932,170,0.8219970810947114,0.9879340667599603,0.19252596191112195
Cow,19,0.805685721780718,0.1639102288143018,0.8809573115835239,0.12841326135965367,170,0.8219970810947114,0.9801564267207976,0.1994048793896093
Cow,20,0.8024000786088811,0.1662186458339087,0.878612253149213,0.12990770513876734,170,0.8219970810947114,0.9761592797145562,0.2022131825730374
Cow,21,0.8001191069973973,0.1664226248326951,0.8771169750684946,0.13061475800094846,170,0.8219970810947114,0.9733843652240497,0.20246133308777492
Cow,22,0.7977094837476149,0.16933131591220807,0.8751301658675131,0.1335889489948441,170,0.8219970810947114,0.9704529396688963,0.20599989927786316
Cow,23,0.7956704815872556,0.16556132619641079,0.8746093011897771,0.12827779595155644,170,0.8219970810947114,0.9679723929525458,0.20141352080705824
Cow,24,0.7875407803586992,0.18296771827288275,0.8658090621093916,0.15377250411840837,170,0.8219970810947114,0.9580822103527129,0.22258925546208966
Cow,25,0.7834991753818076,0.18737782911591408,0.8624619773716512,0.15761869354596214,170,0.8219970810947114,0.9531653985174334,0.227954372862699
Cow,26,0.7848025846835168,0.188733702673302,0.8630058026857719,0.15922391440693826,170,0.8219970810947114,0.9547510602328904,0.22960385993336138
Cow,27,0.7772524382982154,0.19680027089536722,0.8567083814829872,0.1660183562144845,170,0.8219970810947114,0.9455659346905388,0.23941723811631357
Cow,28,0.7714375525685753,0.2085390761627395,0.8498456638511297,0.18395787183298143,170,0.8219970810947114,0.9384918393398644,0.2536980738240741
Cow,29,0.7677409545232027,0.21169233562961215,0.8467811726043227,0.18687923438363374,170,0.8219970810947114,0.9339947454566968,0.25753416952245933
Cow,30,0.7635803102408548,0.21412741355851383,0.8435529923956764,0.18902108500060946,170,0.8219970810947114,0.92893311643387,0.26049656195049414
Cow,31,0.7598170910076658,0.21751346100297916,0.8403876989151217,0.19175651305961305,170,0.8219970810947114,0.9243549745891603,0.26461585570754237
Cow,32,0.7570182739435914,0.22284676400329845,0.8371105676924129,0.19878631934646832,170,0.8219970810947114,0.9209500755591697,0.27110408191050717
Cow,33,0.7499072313700562,0.22863865807321598,0.8311598570560026,0.2032398895124342,170,0.8219970810947114,0.9122991414657482,0.27815020677290214
Cow,34,0.7497456657674993,0.22719943627355818,0.8313074951598064,0.2025071834662637,170,0.8219970810947114,0.9121025889398662,0.276399322453774
Cow,35,0.7431647408532606,0.23064239237607584,0.8259843025697017,0.20664132616452768,170,0.8219970810947114,0.9040965691308,0.280587848400767
Cow,36,0.741032398505834,0.23186390709772814,0.8244436531648459,0.20622013395002814,170,0.8219970810947114,0.901502469472214,0.28207388131955247
Cow,37,0.7350090447250651,0.23688606851399904,0.8190265294963694,0.2117042929437499,170,0.8219970810947114,0.894174762453173,0.28818358843625236
Cow,38,0.7316861443271622,0.2386198169451432,0.8162885065308126,0.2136499034229626,170,0.8219970810947114,0.8901322901934448,0.290292778932203
Cow,39,0.72666669204824,0.24229543163466383,0.8119320492860124,0.21699223517494864,170,0.8219970810947114,0.8840258788759771,0.2947643455278235
Cow,40,0.7218176986492146,0.24536634330806667,0.8078181585908568,0.2197402848223411,170,0.8219970810947114,0.8781268391949996,0.2985002610730625
Cow,41,0.7144924050915997,0.2495121830759889,0.8016892696618453,0.22329293237754663,170,0.8219970810947114,0.8692152582099926,0.30354387967375257
Cow,42,0.7135183478755475,0.2508583804811511,0.8006333262851585,0.22465671035073861,170,0.8219970810947114,0.8680302695543698,0.30518159522788735
Cow,43,0.7114811135280049,0.25241554568319846,0.7987809555697851,0.22621323936541665,170,0.8219970810947114,0.8655518734695207,0.30707596351441896
Cow,44,0.7114672726829253,0.25316152770774064,0.7985460271408042,0.22700446221365844,170,0.8219970810947114,0.8655350353986833,0.30798348744813986
Cow,45,0.7083790125152698,0.25377101563075494,0.7961695616676626,0.22788009870087647,170,0.8219970810947114,0.8617780145543481,0.3087249595738104
Cow,46,0.7015000469638395,0.25631185213638386,0.7906718615336219,0.2298879000962964,170,0.8219970810947114,0.8534094136071657,0.3118160125277274
Cow,47,0.6964355431860205,0.26304941247281466,0.7848121428129895,0.23864899691852404,170,0.8219970810947114,0.8472481949188047,0.32001258705504554
Cow,48,0.6949749508142645,0.2645041866066797,0.783312745222234,0.24022316837783803,170,0.8219970810947114,0.8454713122444638,0.32178239155596616
Cow,49,0.6924656101549373,0.26742133938581536,0.7804039482354619,0.24486234693079428,170,0.8219970810947114,0.8424185755413294,0.3253312518210789
Cow,50,0.6910774847060956,0.2685428236902593,0.7790586030013124,0.24601694178629918,170,0.8219970810947114,0.8407298524536597,0.32669559280261906
Cow,51,0.6863755776440718,0.26938413107662634,0.7753570090242206,0.24719250199373693,170,0.8219970810947114,0.8350097505577235,0.32771908474160094
Cow,52,0.6801166112366233,0.27321876995733885,0.7697417108723079,0.25028542055857844,170,0.8219970810947114,0.8273954091550594,0.3323841121108048
Cow,53,0.6775299156711354,0.27595370833678035,0.7667852353716393,0.2544436723737096,170,0.8219970810947114,0.8242485663925,0.3357112995696692
Cow,54,0.6732014780338631,0.28048361554388906,0.7620579548161688,0.2596049144028936,170,0.8219970810947114,0.8189828084758078,0.34122215515698584
Cow,55,0.6722865258093942,0.281404941798582,0.761102440062993,0.2604074218762247,170,0.8219970810947114,0.81786972395822,0.3423429939967855
Cow,56,0.6711822940845469,0.28081288588776376,0.7606503302521369,0.25862790832911303,170,0.8219970810947114,0.8165263715908653,0.34162272877390937
Cow,57,0.669724191885139,0.2809447462569696,0.7595025944609957,0.25891218644534447,170,0.8219970810947114,0.8147525183340313,0.34178314341799815
Cow,58,0.668882604357545,0.2814542787458766,0.7586769892923614,0.25965293181753557,170,0.8219970810947114,0.8137286855894268,0.342403014827065
Cow,59,0.667167495063094,0.28177012795403533,0.757001071404851,0.2618665538801349,170,0.8219970810947114,0.8116421705227713,0.34278726097029716
Cow,60,0.6658372775612447,0.28299657865330896,0.755643563557514,0.26289437497632584,170,0.8219970810947114,0.8100238953093389,0.34427929874936114
Cow,61,0.6654582103658961,0.28194848895234986,0.7558505480955511,0.26084290102267205,170,0.8219970810947114,0.8095627413660139,0.3430042459236707
Cow,62,0.6636549609492098,0.2828414132004956,0.7541988854498418,0.261815032791819,170,0.8219970810947114,0.8073689994925211,0.3440905323213749
Cow,63,0.6580580073862639,0.28630618853536155,0.7487609142746569,0.2658080872023782,170,0.8219970810947114,0.8005600293736831,0.34830560244090825
Cow,64,0.654823536032882,0.289854460202848,0.7449309149753081,0.2705327505513841,170,0.8219970810947114,0.7966251354090058,0.35262224996812447
Cow,65,0.6532275836171788,0.29135094935425576,0.7430209142830596,0.27325931923749625,170,0.8219970810947114,0.794683580563607,0.35444280284577556
Cow,66,0.6501169267181559,0.2924333119857399,0.7402614128685774,0.2744714657944468,170,0.8219970810947114,0.7908993129906854,0.3557595503822056
Cow,67,0.6421615774552785,0.29764430602002945,0.7323016470780681,0.27995843013855026,170,0.8219970810947114,0.7812212381582507,0.36209898169423615
Cow,68,0.6403291099172337,0.2992138244212917,0.7301684014739043,0.2824905989730851,170,0.8219970810947114,0.7789919509987339,0.364008378257022
Cow,69,0.6390423075447775,0.2999037810288619,0.7289052145374604,0.2833032637971944,170,0.8219970810947114,0.7774264924319682,0.36484774450714463
Cow,70,0.6365165874355787,0.29945545857427625,0.7270413334338638,0.28320967524573437,170,0.8219970810947114,0.774353829320032,0.36430233812444973
Cow,71,0.6354409457284983,0.3002063190238934,0.7258948622148361,0.284196895710772,170,0.8219970810947114,0.7730452581196966,0.3652157969029373
Cow,72,0.6347241624900968,0.3002586400345335,0.7253259347279163,0.2841931296403586,170,0.8219970810947114,0.7721732559497534,0.3652794479934867
Cow,73,0.6342688096883033,0.3003630531944093,0.7249375482658925,0.2842966147634709,170,0.8219970810947114,0.7716192968028583,0.36540647175339686
Cow,74,0.6337144257567209,0.3010274478209311,0.7242650048868973,0.2849611552653231,170,0.8219970810947114,0.7709448614011607,0.36621474059254766
Cow,75,0.6318088904943039,0.3026589635534163,0.722187974436008,0.2865486511059782,170,0.8219970810947114,0.7686266837503601,0.36819955996722525
Cow,76,0.6318490820892984,0.3030290007016515,0.7220922271653304,0.2868769603408915,170,0.8219970810947114,0.768675578808407,0.3686497284127657
Cow,77,0.6308369396630044,0.3034746979298221,0.7211115812815615,0.28746477547589144,170,0.8219970810947114,0.7674442576157016,0.3691919410780188
Cow,78,0.6306700273909979,0.30275075156283476,0.7213797741851168,0.2858979796222425,170,0.8219970810947114,0.7672412006026715,0.36831122460877874
Cow,79,0.6293895289691134,0.30255713112045113,0.7203468361071667,0.28621778760091166,170,0.8219970810947114,0.7656834111027634,0.3680756757889146
Cow,80,0.6282530290792293,0.3023989610802078,0.7194443858329957,0.2863958839844546,170,0.8219970810947114,0.7643008029207847,0.3678832541320972
Cow,81,0.6270256145719715,0.3036164444203321,0.7178777328460216,0.2885475784629901,170,0.8219970810947114,0.7628075926217613,0.3693643826763773
Cow,82,0.6259721254554924,0.30239027240086513,0.7176305915446172,0.2865264620807139,170,0.8219970810947114,0.7615259711407263,0.36787268392504596
Cow,83,0.6258094151586642,0.3043369363537723,0.7166257133286559,0.2894003550611159,170,0.8219970810947114,0.7613280260377929,0.3702408966567927
Cow,84,0.6253438244274567,0.304401016344074,0.7162340794032999,0.28946285291772345,170,0.8219970810947114,0.760761611944707,0.3703188531261957
Cow,85,0.6228603738653175,0.3052065744018026,0.713801059686493,0.29133600756083866,170,0.8219970810947114,0.7577403718220148,0.37129885424329917
Cow,86,0.6213004698426523,0.30533699409698617,0.7125338550221895,0.2913769045028037,170,0.8219970810947114,0.7558426716250899,0.3714575162363684
Cow,87,0.6207227097999486,0.30549596334447204,0.7120197159150312,0.2915269641075721,170,0.8219970810947114,0.7551397980310204,0.37165091016822294
Cow,88,0.6183980280041587,0.30545836035213325,0.7101807608398539,0.2915568385275658,170,0.8219970810947114,0.7523117079449899,0.37160516427300794
Cow,89,0.61728181491509,0.3051651156507775,0.709359972489304,0.2914750560844138,170,0.8219970810947114,0.750953779656994,0.37124841762742955
Cow,90,0.6168259410462602,0.3053570842254005,0.7089073890122635,0.29176516540754965,170,0.8219970810947114,0.7503991866063437,0.37148195686867275
Cow,91,0.6166634731732751,0.3041305133387484,0.70932985173761,0.28989616911288246,170,0.8219970810947114,0.7502015364239748,0.3699897728757338
Cow,92,0.6140529813196325,0.30480167359809646,0.7068422712233294,0.29150216907856563,170,0.8219970810947114,0.7470257443029541,0.3708062724409807
Cow,93,0.6135595887380522,0.30474873637606964,0.7064793837420048,0.29139232623033406,170,0.8219970810947114,0.7464255078873658,0.37074187169888034
Cow,94,0.6105598361258012,0.30374502237582784,0.7043287154688106,0.290984603935603,170,0.8219970810947114,0.7427761608504445,0.36952080410225935
Cow,95,0.611140249981778,0.3053532850165053,0.7043128762059564,0.29203845748838786,170,0.8219970810947114,0.7434822629392789,0.37147733494362883
Cow,96,0.6078883639469319,0.3052917115882321,0.7016557542636669,0.2922537853452343,170,0.8219970810947114,0.7395261831554976,0.37140242783058747
Cow,97,0.6091625860861307,0.30652168880925373,0.7023092485042561,0.29307944747798315,170,0.8219970810947114,0.7410763372478963,0.3728987557973287
Cow,98,0.6069046172042221,0.306082802096393,0.7006144761836193,0.2928548699170655,170,0.8219970810947114,0.7383294067126911,0.37236482845992713
Cow,99,0.604767450253801,0.30513284280816444,0.6991356428461651,0.2924328391244556,170,0.8219970810947114,0.7357294376865543,0.37120915612230343
Cow,100,0.6042505011296218,0.30526335790047876,0.6986605306116114,0.2926105029110372,170,0.8219970810947114,0.7351005435748006,0.37136793417068836
Dog,1,0.7480824154541469,0.2857005262007958,0.8116339632074091,0.27493342567529855,322,0.848293414807491,0.8818675264901288,0.3367944642899671
Dog,2,0.822176231856857,0.17651687074216435,0.8887440126252422,0.14380573008008904,322,0.848293414807491,0.96921208806441,0.20808468822338144
Dog,3,0.8393363359182465,0.14599388738662847,0.904121194759793,0.10912311438026782,322,0.848293414807491,0.9894410604480796,0.1721030540119893
Dog,4,0.848293414807491,0.13409517489939785,0.9108282563972173,0.0993457863301793,322,0.848293414807491,1.0,0.15807640676997237
Dog,5,0.8444529452765733,0.13751128485285358,0.9080306430660334,0.10427829296315101,322,0.848293414807491,0.9954727108994602,0.16210344493132714
Dog,6,0.8478684424191187,0.13643230877169207,0.9096939630001701,0.1108623994489551,322,0.848293414807491,0.9994990266563973,0.16083150757766237
Dog,7,0.8399839272422636,0.14696176720310297,0.9036381494990712,0.12068402633549283,322,0.848293414807491,0.9902044653180372,0.17324402693430552
Dog,8,0.8367752513217065,0.15047538896070559,0.9011955300332192,0.12453134037415005,322,0.848293414807491,0.9864219581518284,0.1773860156569222
Dog,9,0.8361512177865374,0.1468823609737208,0.901386774305031,0.12018877200333025,322,0.848293414807491,0.9856863240843275,0.173150419901649
Dog,10,0.8256989823030635,0.167949191503025,0.8916090131103765,0.14386912956594322,322,0.848293414807491,0.9733648380265276,0.1979847875409228
Dog,11,0.8169759897066624,0.1832186016727162,0.8836190191848068,0.1584802965785825,322,0.848293414807491,0.963081848150459,0.21598493926101647
Dog,12,0.8158455765352044,0.1800343648655511,0.8836405531020336,0.1540771813110189,322,0.848293414807491,0.9617492748312207,0.21223124183559475
Dog,13,0.8198235348680034,0.1764228795502311,0.8866408845725343,0.15130976146730418,322,0.848293414807491,0.9664386408729243,0.20797388789145313
Dog,14,0.8095252025115054,0.19434919088087432,0.8768538116620063,0.16981374993909173,322,0.848293414807491,0.9542985815765368,0.22910609405706553
Dog,15,0.8037900389460266,0.20202820641910663,0.8717874409254212,0.17683635881441387,322,0.848293414807491,0.9475377562944258,0.2381584047365902
Dog,16,0.8005107296346576,0.20310479399882223,0.8695229505304568,0.1779208284937185,322,0.848293414807491,0.9436719838457346,0.23942752643543058
Dog,17,0.791773713422816,0.21098938967023023,0.8624353739704969,0.18483293973059478,322,0.848293414807491,0.93337246240736,0.2487221826637797
Dog,18,0.7835475032522234,0.21877371547134142,0.8555622328303115,0.19161284036223047,322,0.848293414807491,0.9236750982324191,0.2578986370193493
Dog,19,0.7802354095552524,0.22419809018446668,0.8518074301498488,0.2000871955364227,322,0.848293414807491,0.9197706783239813,0.2642930927801031
Dog,20,0.771582782680929,0.2301652282335714,0.8445550421480756,0.20787873867013362,322,0.848293414807491,0.9095706381924814,0.2713273782583876
Dog,21,0.7645298036054572,0.23518111476831127,0.8386434335746943,0.21329809722252593,322,0.848293414807491,0.9012563227064037,0.2772402928787117
Dog,22,0.7555587916104269,0.24488656387263313,0.8301299852741165,0.22372193201063892,322,0.848293414807491,0.890680958288343,0.28868143922608064
Dog,23,0.7522135386486859,0.24515129401850447,0.8277867763360061,0.22435839912568334,322,0.848293414807491,0.8867374489985765,0.28899351302183374
Dog,24,0.7470986557912325,0.2500701585799869,0.8228420655086265,0.23060101675360922,322,0.848293414807491,0.8807078338109894,0.294792054511866
Dog,25,0.7389791431153693,0.25284341366331825,0.8168457957192743,0.23156119281211462,322,0.848293414807491,0.8711362486328753,0.2980612713122354
Dog,26,0.7324105957437858,0.25776736690429664,0.8108668287980175,0.23731759405579997,322,0.848293414807491,0.8633929993550601,0.3038658115279529
Dog,27,0.7240161013825012,0.26284022125172235,0.8036627697004699,0.2420838660792781,322,0.848293414807491,0.8534972554830065,0.309845881936229
Dog,28,0.7158648389508928,0.2671782055335091,0.7966663142758513,0.24665618652147422,322,0.848293414807491,0.843888242505512,0.31495966003006365
Dog,29,0.7064034462450735,0.27148216049686935,0.7888233352213572,0.250251332352567,322,0.848293414807491,0.8327347989673861,0.320033323090783
Dog,30,0.7006696418147437,0.2730863208888336,0.7842997566140757,0.25159192281951387,322,0.848293414807491,0.8259755758846147,0.3219243673497182
Dog,31,0.6961640220076079,0.2754124055835298,0.780316806907163,0.25413258540411465,322,0.848293414807491,0.8206641827646312,0.32466644297366265
Dog,32,0.6867813136192675,0.27867061721039954,0.7725604670295413,0.25716284596339156,322,0.848293414807491,0.8096034952424138,0.328507344682901
Dog,33,0.6806476158319815,0.2831501540372989,0.7665850950019273,0.2620093758107062,322,0.848293414807491,0.8023728629161239,0.33378799021038735
Dog,34,0.673310350688073,0.28671746503799317,0.7600057928876265,0.26562012041813965,322,0.848293414807491,0.793723420381463,0.3379932698205136
Dog,35,0.6627525468660498,0.29391544858841845,0.749575680354472,0.27369814057566266,322,0.848293414807491,0.7812774864183671,0.34647852200422735
Dog,36,0.6587514503845919,0.2963925540224265,0.7455127265636325,0.2773477103549845,322,0.848293414807491,0.7765608442617545,0.34939862652321646
Dog,37,0.6482446099836325,0.30266885014343003,0.735326777164033,0.2835464043939523,322,0.848293414807491,0.7641749878852273,0.35679735909787386
Dog,38,0.644841414968299,0.3026701856596132,0.7326073475293351,0.2841581632219554,322,0.848293414807491,0.7601631743358956,0.35679893345429325
Dog,39,0.6386979349215391,0.3042157990848089,0.727287511368227,0.2858771676753131,322,0.848293414807491,0.7529210103163222,0.3586209603593901
Dog,40,0.6359035964448438,0.3051116841282126,0.7247477769607535,0.28702378690245667,322,0.848293414807491,0.7496269396234247,0.35967706315090714
Dog,41,0.6313134795062371,0.3057045107906038,0.7209704570803298,0.2874264622319201,322,0.848293414807491,0.7442159381250241,0.360375909389771
Dog,42,0.6244384812299717,0.3072642752123772,0.7148613872501032,0.2897115205148713,322,0.848293414807491,0.7361114330607881,0.3622146180188217
Dog,43,0.6187110619636389,0.30900675620153273,0.7093720060815251,0.2930306270358391,322,0.848293414807491,0.7293597370481146,0.36426871977033765
Dog,44,0.6166726336297427,0.30994879991703106,0.7073496442380636,0.29425269100227686,322,0.848293414807491,0.7269567614994258,0.36537923613066103
Dog,45,0.6117313949215593,0.3098954238916946,0.70345572323174,0.2940450353036102,322,0.848293414807491,0.7211318445285628,0.3653163144759544
Dog,46,0.6076124845966774,0.31021455341581344,0.6999453235516302,0.2947695015635654,322,0.848293414807491,0.7162763190075772,0.36569251629309485
Dog,47,0.6033703937528304,0.311431079854512,0.6960017787804638,0.2962078252606884,322,0.848293414807491,0.7112755836843994,0.36712660315203227
Dog,48,0.5976581033825547,0.3124155364545047,0.6909137044620308,0.2974952116137421,322,0.848293414807491,0.7045417221801554,0.36828711740666203
Dog,49,0.5906911321288384,0.3139922546972393,0.6844478069560985,0.2997438836136598,322,0.848293414807491,0.6963287959306957,0.37014581183386375
Dog,50,0.5851523668270027,0.3156204048233845,0.6792965198726464,0.30098997110932807,322,0.848293414807491,0.6897994922662406,0.37206513608856717
Dog,51,0.5807686644198826,0.3171989566069863,0.6749857080672633,0.3027445147692813,322,0.848293414807491,0.6846318199365964,0.37392599196230997
Dog,52,0.5806007319086918,0.3172446706100684,0.6747308986234487,0.3033224632686001,322,0.848293414807491,0.6844338548124312,0.37397988133865556
Dog,53,0.576080397551967,0.3169931680744073,0.6709082943142844,0.3036813110205838,322,0.848293414807491,0.6791051156311297,0.3736834007444756
Dog,54,0.5715406892119659,0.3198607017900893,0.6658594527643743,0.3069447451136841,322,0.848293414807491,0.6737535376738361,0.3770637567222863
Dog,55,0.5702061538129402,0.3194629899433939,0.6648600499643018,0.3067021973132805,322,0.848293414807491,0.6721803374394235,0.3765949191246425
Dog,56,0.565407586801934,0.3201793973996652,0.6604730043010221,0.30740290648199353,322,0.848293414807491,0.6665236072005178,0.377439447024737
Dog,57,0.5625284949676013,0.3215996170351131,0.6574450033999295,0.3088660827218728,322,0.848293414807491,0.6631296260802162,0.37911365504127587
Dog,58,0.5587116360728148,0.3219389359315518,0.6539981489960685,0.30932549506763407,322,0.848293414807491,0.658630170080487,0.3795136568455051
Dog,59,0.5559125627686229,0.3222859393655239,0.6512940591655243,0.3104045772641521,322,0.848293414807491,0.6553305177958736,0.3799227174699481
Dog,60,0.5534456886845219,0.32469420440140234,0.6479685439361702,0.3137552552933852,322,0.848293414807491,0.6524224743747647,0.3827616703532791
Dog,61,0.550608282790713,0.32616664952888696,0.6447834786714766,0.3157453298203602,322,0.848293414807491,0.6490776342000325,0.3844974437328459
Dog,62,0.5489929258615388,0.3250292316196894,0.643834004839847,0.3146780297937918,322,0.848293414807491,0.6471733910443305,0.3831566129668123
Dog,63,0.5465551133877201,0.32569462153231826,0.6413614664389192,0.3156114742917638,322,0.848293414807491,0.6442996065362049,0.3839409994786183
Dog,64,0.5430101483404458,0.32507218641928254,0.6384519295102719,0.3152382297612109,322,0.848293414807491,0.6401206691716154,0.38320724969090253
Dog,65,0.5398926742237776,0.3271070713123518,0.634775417217955,0.31762256520596815,322,0.848293414807491,0.6364456741023967,0.3856060480990347
Dog,66,0.5384987992839683,0.3278363893479593,0.6331622552249737,0.31868482835930434,322,0.848293414807491,0.6348025221982578,0.3864657954728523
Dog,67,0.538160476654703,0.32683499444010455,0.6333408906648378,0.3174141766213415,322,0.848293414807491,0.634403694831029,0.38528531370749286
Dog,68,0.5374497363683219,0.32703398077280565,0.6325798810254637,0.3178400447896061,322,0.848293414807491,0.6335658476027296,0.38551988623773736
Dog,69,0.5327024954204395,0.3263498220078489,0.6285903942919947,0.31739147129146256,322,0.848293414807491,0.6279696224464141,0.38471337430093067
Dog,70,0.5305415265169219,0.32838188342530344,0.6256718020343768,0.3199774131286202,322,0.848293414807491,0.6254221914917508,0.3871088442904221
Dog,71,0.5292927952149507,0.3273238566777923,0.624926829378492,0.3192808196946138,322,0.848293414807491,0.6239501403356604,0.38586160279468174
Dog,72,0.5263789429700125,0.3270644895280819,0.6223827567423109,0.3192087930432922,322,0.848293414807491,0.6205151823434434,0.3855558510993568
Dog,73,0.5237982307014883,0.32713981984599555,0.6200205891755397,0.31927019108520294,322,0.848293414807491,0.6174729422134645,0.38564465329515213
Dog,74,0.5227004981420679,0.32799297661701027,0.6185775504190866,0.32052186041439373,322,0.848293414807491,0.6161788940218142,0.3866503864013184
Dog,75,0.5214018658823373,0.32658589693507273,0.6178975662430427,0.319542102923277,322,0.848293414807491,0.61464801775063,0.3849916682533568
Dog,76,0.5184481184185769,0.3271241306832119,0.614890335575069,0.3205211178715539,322,0.848293414807491,0.611166029782551,0.38562615832335373
Dog,77,0.5160412566290821,0.3274432710923076,0.6125284392052436,0.3209821494327852,322,0.848293414807491,0.6083287310985325,0.38600237297211193
Dog,78,0.5133824405937589,0.3280751705990823,0.6097293225661284,0.3220322506146668,322,0.848293414807491,0.6051944193274968,0.386747279741096
Dog,79,0.5119241503527159,0.32857047203481404,0.6080759006756492,0.3229805677871542,322,0.848293414807491,0.6034753322574009,0.3873311595957382
Dog,80,0.5113028924433058,0.32891747936598104,0.607358999077834,0.3233066405853815,322,0.848293414807491,0.6027429702013416,0.38774022481434034
Dog,81,0.5111049939975496,0.33042835073460697,0.6063507470352096,0.3256133066633799,322,0.848293414807491,0.6025096801129102,0.3895212964839452
Dog,82,0.5085608432529286,0.3310892441466232,0.6036800310949829,0.3264406207293337,322,0.848293414807491,0.5995105400745564,0.3903003823526787
Dog,83,0.5077742181784478,0.3313321555532562,0.6027899264293256,0.32693589710495463,322,0.848293414807491,0.5985832370202714,0.39058673540268807
Dog,84,0.5068456110089808,0.33165824645163383,0.6017501567565302,0.3274044389753254,322,0.848293414807491,0.5974885601628804,0.39097114354813106
Dog,85,0.5068591251824245,0.3312772198377349,0.6019121586579799,0.32711951239618975,322,0.848293414807491,0.5975044911759093,0.3905219751268656
Dog,86,0.5057965801825566,0.3308670634945834,0.6010298806171854,0.32704338542391187,322,0.848293414807491,0.5962519233953272,0.39003846749142723
Dog,87,0.5047420204823685,0.33115716553956664,0.5999413750383412,0.32727464372821313,322,0.848293414807491,0.5950087689846243,0.39038045063065635
Dog,88,0.5034848291671131,0.33151600855511526,0.5985545082251891,0.3278740461915728,322,0.848293414807491,0.5935267448485054,0.39080346819661266
Dog,89,0.5030737788834396,0.33200323138117693,0.5980044526351371,0.32813735801774263,322,0.848293414807491,0.5930421834025501,0.3913778246840696
Dog,90,0.5018698965472792,0.3315141697950879,0.5970255460821479,0.32796484202459614,322,0.848293414807491,0.5916230018845212,0.3908013005975305
Dog,91,0.5017894395911608,0.3314675509951,0.5968701150246079,0.3283916653827546,322,0.848293414807491,0.5915281562158954,0.39074634461275665
Dog,92,0.5005950630951311,0.33187131347492277,0.5954826478916393,0.3292208934699106,322,0.848293414807491,0.5901201805376912,0.39122231492299936
Dog,93,0.499552335785531,0.3316538090048136,0.5945861434479689,0.32910855239458653,322,0.848293414807491,0.5888909745914953,0.39096591251987745
Dog,94,0.4972292644386454,0.3324055703626312,0.5920183475007047,0.3300663155606292,322,0.848293414807491,0.5861524512146367,0.3918521169212026
Dog,95,0.49678634675414823,0.3321007832212964,0.5917017150786755,0.32992349882103644,322,0.848293414807491,0.585630323284883,0.3914928224412331
Dog,96,0.4962261566269164,0.3325277341385427,0.5909451549584985,0.3305689201979147,322,0.848293414807491,0.5849699502141348,0.39199612814866125
Dog,97,0.4947509199574367,0.33207243879649406,0.5896297705233923,0.33071008780869093,322,0.848293414807491,0.5832308860604722,0.3914594089733132
Dog,98,0.494228915563657,0.332187806978808,0.5890691968940351,0.33091467537962255,322,0.848293414807491,0.5826155277603042,0.3915954093009123
Dog,99,0.491196798349565,0.3307567322114967,0.5866981822429435,0.3301252575591011,322,0.848293414807491,0.5790411545998334,0.38990840484899625
Dog,100,0.49140239376405365,0.3306876942791246,0.5869517520952873,0.3299286664544804,322,0.848293414807491,0.5792835181628411,0.38982702035258615
Pizza,1,0.6102913032024083,0.3891717042788573,0.6660842456286471,0.38497596852575017,265,0.8672752167772753,0.7036881619541736,0.4487291885556098
Pizza,2,0.818239357136369,0.22639256054115356,0.8761714017370055,0.1955703448713878,265,0.8672752167772753,0.9434598629220381,0.26103889072538017
Pizza,3,0.8617396895958402,0.1504730841146009,0.9170392271158552,0.10899606366039236,265,0.8672752167772753,0.993617334988535,0.1735009616367763
Pizza,4,0.861051144149844,0.1484887213076833,0.9168663804767042,0.10774739105542692,265,0.8672752167772753,0.9928234169419029,0.1712129188465173
Pizza,5,0.8632954733602823,0.1419715356645465,0.9190696584039905,0.10041327773449876,265,0.8672752167772753,0.9954112104900433,0.16369836577609273
Pizza,6,0.858522018386124,0.14904602348284948,0.9152469760295209,0.10932028586400558,265,0.8672752167772753,0.9899072425663477,0.17185550860855045
Pizza,7,0.8672752167772753,0.1324533160842593,0.9224465059636161,0.09236356332128035,265,0.8672752167772753,1.0,0.15272351097088321
Pizza,8,0.8655343752498137,0.13741851965746113,0.920706239747,0.09933661961552444,265,0.8672752167772753,0.9979927461389587,0.1584485720324135
Pizza,9,0.8582717786623101,0.14108996654489106,0.9161216922541229,0.10157012653005842,265,0.8672752167772753,0.9896187070254109,0.16268188438402517
Pizza,10,0.8573214628425646,0.1419894936991901,0.9154227750242082,0.10298537579909343,265,0.8672752167772753,0.9885229581773385,0.16371907204590902
Pizza,11,0.8552430760339212,0.1376744967154772,0.9144567992446324,0.10380215406321,265,0.8672752167772753,0.9861265022790984,0.15874372292922717
Pizza,12,0.8467892752038654,0.14530764117545128,0.908586104072799,0.10990345549792846,265,0.8672752167772753,0.9763789611681353,0.16754501727306673
Pizza,13,0.8377491194319819,0.1583482789358556,0.9014000807161792,0.12211217145222342,265,0.8672752167772753,0.965955331394099,0.18258134888745584
Pizza,14,0.8333670287800724,0.16217934764912334,0.8982246282511582,0.12553527098052072,265,0.8672752167772753,0.9609026208275582,0.18699871103404606
Pizza,15,0.8256146482783405,0.17274315386475939,0.8918749401384387,0.13594534983303258,265,0.8672752167772753,0.9519638429727739,0.19917916541724667
Pizza,16,0.8125762057849225,0.1796243774548362,0.8830403749534853,0.13939374459061252,265,0.8672752167772753,0.9369300425813967,0.2071134675360676
Pizza,17,0.811895518291743,0.17812197073631714,0.8827840812387834,0.13893748592784338,265,0.8672752167772753,0.9361451850413542,0.20538113771797148
Pizza,18,0.8065236343748335,0.1818373786856543,0.8788388122166635,0.1423792442478147,265,0.8672752167772753,0.9299512066905478,0.2096651387795299
Pizza,19,0.8012665566043325,0.18527957232072909,0.8749895371396376,0.145498407921425,265,0.8672752167772753,0.9238896040195573,0.21363411375827507
Pizza,20,0.796487021012458,0.19006268357717535,0.870887840979404,0.15291664305439004,265,0.8672752167772753,0.9183786249215555,0.21914921572812024
Pizza,21,0.7917713058835592,0.19301371475897838,0.8673986619800882,0.15549136428135377,265,0.8672752167772753,0.9129412331482473,0.22255186245976424
Pizza,22,0.7894402018226035,0.19444181732205748,0.8656641937009886,0.1568427453118872,265,0.8672752167772753,0.9102533850282263,0.22419851687286488
Pizza,23,0.7831393435311214,0.19848310595053847,0.8608833414189225,0.16073176525119476,265,0.8672752167772753,0.9029882652950744,0.228858270259452
Pizza,24,0.7793984706780246,0.20058283146619668,0.8581706410198509,0.16192590930489975,265,0.8672752167772753,0.8986749022694392,0.23127933046622307
Pizza,25,0.7776320541032983,0.20210600623118188,0.856739319097708,0.16335915184387345,265,0.8672752167772753,0.8966381594448372,0.23303560660039555
Pizza,26,0.7745963320421377,0.20348337525265345,0.8544895666790995,0.16487581082150257,265,0.8672752167772753,0.8931378610361717,0.2346237633871071
Pizza,27,0.7708246942614583,0.20552877240350811,0.851561837426983,0.16761798264211947,265,0.8672752167772753,0.8887890249254218,0.2369821810050522
Pizza,28,0.7669557692099851,0.2068171935053567,0.8488042972725022,0.16869027061677927,265,0.8672752167772753,0.8843280130382727,0.2384677775918384
Pizza,29,0.7644255264442187,0.20811941667417772,0.8468678046790212,0.1700934936127697,265,0.8672752167772753,0.8814105507185623,0.23996928846592974
Pizza,30,0.758941076975478,0.21100287601622172,0.8424906393748853,0.17462271224257858,265,0.8672752167772753,0.8750867801753194,0.2432940223984393
Pizza,31,0.7562566493136567,0.21319002680549154,0.8402735249175127,0.17655465892570396,265,0.8672752167772753,0.8719915370392404,0.24581588713867378
Pizza,32,0.7552651287648962,0.21637026462398762,0.8387799743353708,0.18103740428403087,265,0.8672752167772753,0.8708482776337141,0.2494828174936234
Pizza,33,0.7512528765135541,0.21865686192978168,0.8354946160745517,0.18423633106066828,265,0.8672752167772753,0.8662220042504492,0.25211934769944533
Pizza,34,0.7444962512303781,0.22192931624578457,0.8301656417474513,0.18824433629244094,265,0.8672752167772753,0.858431368530126,0.25589260704399697
Pizza,35,0.7360323233566233,0.23062191624724848,0.8222509609187678,0.19813964368011494,265,0.8672752167772753,0.8486721505679131,0.26591549232113526
Pizza,36,0.7354418309287626,0.2313731225310434,0.8218283149074671,0.19751891251786236,265,0.8672752167772753,0.8479912912323323,0.2667816606022795
Pizza,37,0.7310727734613158,0.23372229128930463,0.8181150547458822,0.20118769829314173,265,0.8672752167772753,0.8429536084034815,0.2694903379780617
Pizza,38,0.7268438500778303,0.23485535172644553,0.814951095543446,0.20222029749245032,265,0.8672752167772753,0.8380775052914845,0.27079679804428064
Pizza,39,0.7251636554677096,0.23777362032267527,0.8128554217459475,0.20682779653994235,265,0.8672752167772753,0.8361401795411141,0.2741616683181872
Pizza,40,0.7230174187729245,0.23878995667693276,0.8112105038688112,0.2071879437336414,265,0.8672752167772753,0.8336654902461054,0.27533354125378673
Pizza,41,0.7191192985226889,0.2404142619591437,0.8081242528751301,0.20863296597433809,265,0.8672752167772753,0.8291708152285017,0.27720642456785943
Pizza,42,0.7171976934420655,0.24129215769007115,0.8065259027654733,0.20980401223817405,265,0.8672752167772753,0.8269551343887287,0.2782186704085623
Pizza,43,0.7140035186713956,0.24402240043941115,0.8034644369480204,0.2134591610493397,265,0.8672752167772753,0.8232721342189104,0.2813667400138317
Pizza,44,0.7106263044892823,0.24606928214311755,0.8006221049892218,0.21500310118977678,265,0.8672752167772753,0.8193780829226417,0.2837268693754344
Pizza,45,0.7101854587244238,0.24743378402956245,0.7999400273880336,0.21640903533491976,265,0.8672752167772753,0.8188697716549721,0.28530018988552036
Pizza,46,0.7069535271684525,0.24971911512822267,0.7970853556490519,0.21844678961946623,265,0.8672752167772753,0.8151432365327292,0.2879352601082719
Pizza,47,0.7058991667991439,0.24988031890583243,0.7962504982664538,0.2189299583235534,265,0.8672752167772753,0.8139275205190438,0.2881211339514203
Pizza,48,0.7042021008247493,0.2502551347560115,0.7949380677853745,0.21940919494596428,265,0.8672752167772753,0.8119707414694813,0.28855331031588727
Pizza,49,0.7017861489064297,0.2506473852211501,0.7931539326559501,0.219527193576787,265,0.8672752167772753,0.809185060671064,0.2890055894281582
Pizza,50,0.6974472133843693,0.2516960794950434,0.7897664530762241,0.2206647044855598,265,0.8672752167772753,0.8041821095453724,0.2902147722268898
Pizza,51,0.693523370019026,0.253368660888052,0.7865095338513156,0.22225425733610193,265,0.8672752167772753,0.7996577748365771,0.2921433196598762
Pizza,52,0.6929747032895782,0.2535149603356689,0.7859918858555499,0.22305591731026161,265,0.8672752167772753,0.7990251420588453,0.2923120082661996
Pizza,53,0.6897775908519101,0.25499432375111064,0.7833268640085582,0.22418023881745047,265,0.8672752167772753,0.7953387546516872,0.2940177683142486
Pizza,54,0.6875311309022418,0.2583494440222382,0.7806924948718084,0.22789678337479216,265,0.8672752167772753,0.7927485042833946,0.29788634452422597
Pizza,55,0.6846874422766495,0.26085122798599825,0.7777687830848888,0.23146150406172736,265,0.8672752167772753,0.7894696274394797,0.30077099280583663
Pizza,56,0.6854780504754278,0.259237868306238,0.7788474931891542,0.22959559522069214,265,0.8672752167772753,0.7903812275676559,0.29891073017115033
Pizza,57,0.6816385054231121,0.2597322318524841,0.775931189645247,0.23001205362857244,265,0.8672752167772753,0.7859540918925665,0.2994807493953628
Pizza,58,0.6786237759223416,0.26179411479533304,0.7731435582227877,0.23201945327759016,265,0.8672752167772753,0.7824779986727314,0.30185817573357954
Pizza,59,0.677944457665763,0.26163226851167204,0.7726541780646333,0.23211556133854688,265,0.8672752167772753,0.7816947199124977,0.3016715610574881
Pizza,60,0.6751974321029866,0.2635219319496472,0.7700603114299183,0.23414888355421887,265,0.8672752167772753,0.7785272991103859,0.30385041201669916
Pizza,61,0.6739518311381735,0.26405575391933134,0.768995226129344,0.23464854603500668,265,0.8672752167772753,0.7770910757055,0.3044659282442559
Pizza,62,0.6742727643601841,0.2648096348796609,0.7690216657782597,0.23531672717003338,265,0.8672752167772753,0.7774611234317605,0.30533518052513037
Pizza,63,0.672419630596194,0.26624903009905576,0.7671558123351698,0.23722972272690127,265,0.8672752167772753,0.7753243925208092,0.306994855783399
Pizza,64,0.6706455501163948,0.26600518477456186,0.7658814799544035,0.23727683350056433,265,0.8672752167772753,0.7732788129337531,0.3067136932184176
Pizza,65,0.6692828377734727,0.26631441620078594,0.7647671243123663,0.23769730624016508,265,0.8672752167772753,0.7717075558327077,0.3070702483467576
Pizza,66,0.6677524345179993,0.26739186952565414,0.763280007420297,0.2389978071830416,265,0.8672752167772753,0.7699429449849996,0.3083125913816156
Pizza,67,0.6652274787237907,0.2692465047747276,0.7608179816367759,0.24100817960058968,265,0.8672752167772753,0.7670315787365888,0.3104510535597061
Pizza,68,0.6640148193694623,0.2705007065630602,0.7595191765190767,0.2423182478919972,265,0.8672752167772753,0.7656333382117014,0.3118971940282336
Pizza,69,0.6639025909764203,0.27118852139971417,0.7592089078493555,0.2431006801434733,265,0.8672752167772753,0.765503934775663,0.3126902696556104
Pizza,70,0.6630136310124999,0.2719543053221768,0.7582521522001178,0.2442382186707824,265,0.8672752167772753,0.7644789314702258,0.3135732464865502
Pizza,71,0.661004335883442,0.27257375950656904,0.7565619045288348,0.24484628757415128,265,0.8672752167772753,0.7621621408019484,0.31428749978516757
Pizza,72,0.6611176031590343,0.27335814422635,0.7563855738208223,0.24572715633044992,265,0.8672752167772753,0.76229274210751,0.315191924014763
Pizza,73,0.658265009247639,0.2742374016245768,0.7540076647277757,0.2464197790928472,265,0.8672752167772753,0.7590035971438209,0.31620573990759343
Pizza,74,0.6575973740051188,0.27452728990114084,0.7534146165604275,0.24671924722652597,265,0.8672752167772753,0.7582337893254895,0.31653999167791524
Pizza,75,0.6574483213657152,0.2745175228801216,0.7532656337897288,0.24697454026813492,265,0.8672752167772753,0.7580619261884827,0.31652872994596404
Pizza,76,0.6563180175205172,0.2744895381584908,0.7524002904123193,0.2470968455730567,265,0.8672752167772753,0.7567586445734515,0.31649646253985186
Pizza,77,0.6548147789398171,0.2763530103053259,0.7506865200357616,0.24892512286395682,265,0.8672752167772753,0.755025355587879,0.31864511398380707
Pizza,78,0.6552026619425003,0.2740976475169454,0.7517170099761091,0.24653885168903727,265,0.8672752167772753,0.7554725988564283,0.3160445983173255
Pizza,79,0.6540178726916306,0.27492890086907645,0.7505495743687162,0.2474495027192598,265,0.8672752167772753,0.7541064935787145,0.31700306379178006
Pizza,80,0.6541825134991323,0.2761710547030638,0.7502251058379092,0.24902919900669235,265,0.8672752167772753,0.7542963304428573,0.31843531252892615
Pizza,81,0.6526204206549785,0.2772835548204491,0.7486321526845519,0.2504998049732628,265,0.8672752167772753,0.752495180342018,0.3197180657955527
Pizza,82,0.6496294875289448,0.27804725882835135,0.7461155390776046,0.2513112655896708,265,0.8672752167772753,0.7490465252113574,0.3205986444090407
Pizza,83,0.6490928335219195,0.27823447218751596,0.745639757996906,0.2515516041113566,265,0.8672752167772753,0.7484277435413134,0.3208145082496567
Pizza,84,0.6494566532222833,0.2779505963677403,0.7459752636010658,0.251477617054385,265,0.8672752167772753,0.7488472409434365,0.3204871890616018
Pizza,85,0.6479830504675069,0.28076871040623513,0.743887037575911,0.2547028863232399,265,0.8672752167772753,0.7471481231475282,0.3237365774725456
Pizza,86,0.6472973173304879,0.2811218073598124,0.7432457247767694,0.25509347324954074,265,0.8672752167772753,0.7463574477958594,0.3241437111560023
Pizza,87,0.6472627952161253,0.28118585902643506,0.7431863526206033,0.25523593220080515,265,0.8672752167772753,0.7463176425371656,0.324217565066945
Pizza,88,0.6467167322443999,0.2812471048169993,0.7427512246595163,0.2553019583451577,265,0.8672752167772753,0.7456880119871834,0.32428818370031476
Pizza,89,0.646454754213552,0.28133863852610763,0.7425128739107262,0.2554552437710044,265,0.8672752167772753,0.7453859417495241,0.32439372540995615
Pizza,90,0.6468470308207578,0.2814826404888644,0.7427405638589815,0.25573077127826516,265,0.8672752167772753,0.7458382510045533,0.32455976493232586
Pizza,91,0.6465950236942299,0.2816606465741977,0.7424764469043716,0.2559960129051777,265,0.8672752167772753,0.7455476775837374,0.3247650124499417
Pizza,92,0.6464147051051193,0.28104677801239725,0.7425800000278432,0.25515297604009635,265,0.8672752167772753,0.7453397636648078,0.3240571995781736
Pizza,93,0.6469080992969947,0.28156421804830606,0.7427998904250722,0.2555929767568303,265,0.8672752167772753,0.7459086651880276,0.32465382683777816
Pizza,94,0.6458667590478068,0.2811089531882317,0.742113236630366,0.25536551487702497,265,0.8672752167772753,0.7447079618483686,0.32412888982670335
Pizza,95,0.6457121714755857,0.2811794145837259,0.7419568479657578,0.2555353142032687,265,0.8672752167772753,0.7445297167316738,0.3242101343891342
Pizza,96,0.6457098581751142,0.2817779789499721,0.7417981723248197,0.25592285132427917,265,0.8672752167772753,0.7445270494117425,0.3249003009644808
Pizza,97,0.6470899894906471,0.2823114485816793,0.7426986728566747,0.2563311830161299,265,0.8672752167772753,0.7461183912243927,0.3255154109334818
Pizza,98,0.6468282807509194,0.28238707601748286,0.7424746226980842,0.2564028876224234,265,0.8672752167772753,0.7458166314892303,0.3256026121290661
Pizza,99,0.646516960457722,0.28245910027000415,0.7422171411467889,0.256462598350266,265,0.8672752167772753,0.7454576678209794,0.3256856587227286
Pizza,100,0.6465193256132542,0.28268137984359276,0.742116680716913,0.25684481997409736,265,0.8672752167772753,0.7454603949316895,0.32594195518928115
Skin,1,0.5189628844546159,0.3281519656367856,0.6124684946791152,0.3321604394487863,397,0.6545761672095315,0.7928227614319704,0.501319757845298
Skin,2,0.5968782618764666,0.29182919230386795,0.6959498726227374,0.28648158350307024,397,0.6545761672095315,0.9118545583793068,0.44582923565326305
Skin,3,0.6458026417649597,0.2549388327518021,0.7474236132496612,0.24516102430460443,397,0.6545761672095315,0.9865966317075469,0.38947160853504703
Skin,4,0.6517792941917762,0.2422016303758216,0.755819509885037,0.23145079195146823,397,0.6545761672095315,0.9957272000450635,0.3700129068376121
Skin,5,0.6463387151653124,0.24738950887008582,0.7499764364047485,0.23820677297268847,397,0.6545761672095315,0.9874155943083973,0.3779384604311385
Skin,6,0.6545761672095315,0.24127019845353684,0.7580927543684662,0.23098203467302797,397,0.6545761672095315,1.0,0.3685899526132696
Skin,7,0.6532863210200968,0.24207796181655608,0.7568874222840146,0.23191559066242456,397,0.6545761672095315,0.998029494115355,0.3698239776259167
Skin,8,0.6518041728318889,0.24587318364353258,0.7545592388815768,0.236465610638644,397,0.6545761672095315,0.9957652072951881,0.37562196114119745
Skin,9,0.6534627370617909,0.24538716695675997,0.7559792431928669,0.2356062556173921,397,0.6545761672095315,0.9982990059774294,0.37487947048675685
Skin,10,0.6533752253672742,0.24562239106820502,0.7558551846320805,0.23578195016007703,397,0.6545761672095315,0.9981653138283709,0.375238823795399
Skin,11,0.6528698902090458,0.24692236996584302,0.7551218225320944,0.23688281526645993,397,0.6545761672095315,0.9973933102273498,0.3772248094801205
Skin,12,0.6507366211159932,0.2495038581471159,0.7526371166129772,0.24024499091226775,397,0.6545761672095315,0.9941343020325559,0.3811685647076868
Skin,13,0.6390357403395679,0.25804425006561726,0.7410657030671919,0.24934146054621992,397,0.6545761672095315,0.9762587951586862,0.3942157734915158
Skin,14,0.6360172974598948,0.25974448787563204,0.7379481568967896,0.25292262978270974,397,0.6545761672095315,0.971647501575327,0.39681323715607747
Skin,15,0.632008121692276,0.26582574053655794,0.7326482112127282,0.2608275168660535,397,0.6545761672095315,0.9655226593209719,0.40610360390873573
Skin,16,0.6287302711761374,0.2689684336929727,0.7290325478989907,0.2642553530096421,397,0.6545761672095315,0.960515067110409,0.41090471539712387
Skin,17,0.6243408417755134,0.27179631347618266,0.7245604342569827,0.2677398199360439,397,0.6545761672095315,0.953809309063433,0.41522488457661794
Skin,18,0.619865138445083,0.27575114139933443,0.7196300260204306,0.27217553304115494,397,0.6545761672095315,0.9469717498080901,0.42126669929775457
Skin,19,0.6179844766074506,0.27624892834692394,0.717934441788604,0.27293800742527774,397,0.6545761672095315,0.9440986512569318,0.4220271714513797
Skin,20,0.6157102557281676,0.2796136180819647,0.7149109376151825,0.2767431550966424,397,0.6545761672095315,0.9406243101592747,0.4271674284659064
Skin,21,0.6146056996765064,0.28207985951348974,0.7130462282748469,0.27993495979209343,397,0.6545761672095315,0.9389368731473682,0.43093512053150457
Skin,22,0.6102713028579839,0.28564866601374844,0.7081567783501336,0.2845647176770319,397,0.6545761672095315,0.9323151887114682,0.4363872079722566
Skin,23,0.6086048852193418,0.2856521373685097,0.70668067493157,0.28547747322492245,397,0.6545761672095315,0.9297693923288316,0.4363925111820818
Skin,24,0.6035526113037667,0.2867815545808224,0.7021510969486024,0.2869755338444102,397,0.6545761672095315,0.922051002676619,0.4381179287406333
Skin,25,0.5999915407300644,0.2898345632927899,0.6981686663284682,0.2900132986636216,397,0.6545761672095315,0.9166107334580142,0.4427820287566521
Skin,26,0.5952047479794418,0.29213389025144704,0.6934461107044444,0.2922681726281384,397,0.6545761672095315,0.9092979209994904,0.4462947245647797
Skin,27,0.5953782658832727,0.2922820305198985,0.6934714365651956,0.2928169502062758,397,0.6545761672095315,0.9095630053586883,0.4465210393557428
Skin,28,0.5937192098170258,0.2929316318712737,0.6917685473861894,0.2940901781342775,397,0.6545761672095315,0.9070284552950654,0.4475134392992734
Skin,29,0.5904655998754098,0.29516724827730767,0.6883614648716212,0.2958471861712006,397,0.6545761672095315,0.9020578955579363,0.45092880410787073
Skin,30,0.5876600044022615,0.2962050582751451,0.6856392379268543,0.2969755302101112,397,0.6545761672095315,0.8977717702547365,0.4525142727665627
Skin,31,0.5855089498351236,0.2983846824063797,0.6829169646528924,0.2998571529348866,397,0.6545761672095315,0.8944855910827879,0.4558440978357008
Skin,32,0.5835462649273708,0.3004231838208073,0.6805692310289904,0.30161181670586057,397,0.6545761672095315,0.8914871853875123,0.45895832887029187
Skin,33,0.5822559005391672,0.3019638216123765,0.6788609380104631,0.3034956943019533,397,0.6545761672095315,0.8895158878474498,0.4613119706139822
Skin,34,0.5777481736740011,0.3030185500225473,0.6745990139973035,0.3049202648230252,397,0.6545761672095315,0.882629406042922,0.4629232856343062
Skin,35,0.5756132108266119,0.30491321535120414,0.6719491563279709,0.30749492674202006,397,0.6545761672095315,0.8793678102893053,0.4658177774040475
Skin,36,0.5735983435949833,0.30573372779751556,0.6698239897342503,0.30886701386271714,397,0.6545761672095315,0.8762896853398162,0.46707127926894015
Skin,37,0.5729831992886983,0.3067059831726205,0.668973077086245,0.3095732246073723,397,0.6545761672095315,0.8753499256340705,0.4685565997309571
Skin,38,0.5705665003929193,0.30841941894049474,0.6660990137519559,0.3121072803627913,397,0.6545761672095315,0.8716579200022716,0.4711742259961764
Skin,39,0.5706347641350323,0.30829843482368574,0.6661652535304801,0.31217792379423076,397,0.6545761672095315,0.8717622069371351,0.4709893978235823
Skin,40,0.5684306049314108,0.3090735996906778,0.6639214671838406,0.31328872879388625,397,0.6545761672095315,0.8683948994883811,0.4721736219151752
Skin,41,0.566637613864704,0.3088695889813313,0.6625368106973933,0.3128099256862239,397,0.6545761672095315,0.8656557361082807,0.47186195351115096
Skin,42,0.5642398121255605,0.30926817542428914,0.660334149639588,0.3132267293603211,397,0.6545761672095315,0.8619925997778436,0.4724708764492668
Skin,43,0.5621669342888627,0.3106906090900383,0.6580577548779286,0.3143184611875971,397,0.6545761672095315,0.858825851673441,0.4746439370295397
Skin,44,0.5599762042820778,0.3128280457346576,0.6553260337020647,0.31638284376930953,397,0.6545761672095315,0.8554790600905395,0.47790931201826137
Skin,45,0.5599861514650124,0.31255895727098576,0.6554662603507326,0.3159702666963236,397,0.6545761672095315,0.8554942564625324,0.477498223932334
Skin,46,0.558125874117266,0.31330964833342134,0.6535209047033153,0.31691446407078455,397,0.6545761672095315,0.8526522994208074,0.47864505924354883
Skin,47,0.5580682314775364,0.31279345173612305,0.6537724808911926,0.3159276747349851,397,0.6545761672095315,0.852564238408786,0.4778564625558649
Skin,48,0.5583736953688453,0.312762039085633,0.654051831267205,0.3158907389872729,397,0.6545761672095315,0.8530308974572067,0.477808473258265
Skin,49,0.5574737492925708,0.31344446438103635,0.652948306501435,0.31681724367666037,397,0.6545761672095315,0.8516560443517065,0.4788510185411348
Skin,50,0.5556517623360379,0.31536756305646463,0.6505701612500452,0.31883681099822175,397,0.6545761672095315,0.8488725837740015,0.4817889481080277
Skin,51,0.5562991998797856,0.31478016809682535,0.6514486045835893,0.3178931224565014,397,0.6545761672095315,0.8498616780554322,0.4808915812482727
Skin,52,0.5555687912060675,0.3150378360065288,0.6507321993788033,0.3180773371226183,397,0.6545761672095315,0.8487458282730732,0.4812852220842993
Skin,53,0.5552845899205096,0.3150505913625246,0.6504829268419839,0.3180955900608646,397,0.6545761672095315,0.8483116522370445,0.4813047085193924
Skin,54,0.5551600610825503,0.3152720556130324,0.6502291519082809,0.3186323101139916,397,0.6545761672095315,0.8481214087723457,0.4816430408046204
Skin,55,0.5551617537924648,0.3139744168873723,0.6506757844019743,0.317735411480684,397,0.6545761672095315,0.8481239947355983,0.47966063021489186
Skin,56,0.5546864492099601,0.31379979003430736,0.6503356604300896,0.31756744210449256,397,0.6545761672095315,0.8473978690281334,0.4793938517071906
Skin,57,0.5536287834926192,0.31393345369947806,0.6493719999061285,0.3176809283899119,397,0.6545761672095315,0.8457820666657442,0.4795980505030932
Skin,58,0.5530885291694906,0.3144679148655102,0.6487186001549606,0.31804825716659174,397,0.6545761672095315,0.8449567168436879,0.48041455008374634
Skin,59,0.5526023037275112,0.31484251000010677,0.6481617733679327,0.3183419247266419,397,0.6545761672095315,0.8442139072726456,0.4809868213538622
Skin,60,0.5527027635171157,0.3146199837146583,0.6483171229396585,0.31820938147726924,397,0.6545761672095315,0.8443673803054826,0.4806468665913827
Skin,61,0.5508271855921638,0.3147185500220171,0.6466248790751128,0.31839713928487007,397,0.6545761672095315,0.8415020484787107,0.48079744693985305
Skin,62,0.5497415213910112,0.31539200994783356,0.6453702258309412,0.3192441566139433,397,0.6545761672095315,0.8398434726619638,0.4818262957729651
Skin,63,0.5491864444313721,0.3151789997932313,0.644964205913712,0.31906923046627006,397,0.6545761672095315,0.8389954782077731,0.4815008788615759
Skin,64,0.5488921058502402,0.31519197441768027,0.6446663272842049,0.3192520232184894,397,0.6545761672095315,0.8385458153635136,0.48152070027442123
Skin,65,0.5474894151972832,0.31604638380120387,0.643047281541806,0.3203008370758074,397,0.6545761672095315,0.8364029163042083,0.48282598669687987
Skin,66,0.5469208877072839,0.3165720157987806,0.6422862088633113,0.32106066314933246,397,0.6545761672095315,0.8355343733928111,0.4836289979030738
Skin,67,0.5454549963997184,0.3176234489800096,0.6405297616268514,0.32227698534158106,397,0.6545761672095315,0.8332949223082803,0.4852352787820604
Skin,68,0.544129614604581,0.31771659938674063,0.6392487686257587,0.3227529308632563,397,0.6545761672095315,0.8312701284622294,0.48537758522613417
Skin,69,0.5439102901102549,0.3177503075678997,0.639069106749249,0.3226504650208106,397,0.6545761672095315,0.8309350650955611,0.4854290814199274
Skin,70,0.5428824420085342,0.3177880270197976,0.6381929798536701,0.3224630855550955,397,0.6545761672095315,0.8293648152862799,0.48548670565647534
Skin,71,0.542828130851214,0.3177655783969894,0.6381696766382426,0.32236676216889615,397,0.6545761672095315,0.8292818438002392,0.48545241075859674
Skin,72,0.5423358169257728,0.31785805546041523,0.6377725154233713,0.3221093713085192,397,0.6545761672095315,0.8285297328159058,0.48559368853199947
Skin,73,0.5428032733140036,0.3178540072867756,0.6382060010078002,0.3220304698528306,397,0.6545761672095315,0.8292438687891471,0.4855875041124583
Skin,74,0.5419974588889772,0.3176423189772649,0.6375666811627129,0.3219214974086679,397,0.6545761672095315,0.8280128211809497,0.4852641065918717
Skin,75,0.5407880520351006,0.3182325790675831,0.6362647426340897,0.3224353243635747,397,0.6545761672095315,0.8261652029594793,0.4861658505292266
Skin,76,0.5410849145137215,0.31789782120989585,0.6366598016400272,0.32213644083063603,397,0.6545761672095315,0.8266187215773148,0.4856544389098358
Skin,77,0.5405018457077325,0.3179777848275702,0.6360520843318794,0.3225007189862108,397,0.6545761672095315,0.8257279638088573,0.4857765998159
Skin,78,0.5400645871956147,0.3178867096884562,0.6356790412276068,0.3225036109103517,397,0.6545761672095315,0.8250599613149964,0.4856374637708126
Skin,79,0.5400904649222601,0.31760524456856326,0.6358542877827129,0.3220548996041633,397,0.6545761672095315,0.825099494875706,0.48520746779174595
Skin,80,0.5402929596640336,0.3172875991354324,0.6362419597497121,0.32135492307657415,397,0.6545761672095315,0.8254088473268297,0.4847221989276427
Skin,81,0.5402771176474559,0.31711986024521827,0.6363156753123683,0.32110327441740055,397,0.6545761672095315,0.8253846453815539,0.4844659432027677
Skin,82,0.5398489891433725,0.31721893094307174,0.6359139248142797,0.3211083784272896,397,0.6545761672095315,0.8247305908566107,0.4846172941116708
Skin,83,0.5398764825301342,0.316995869611579,0.6360718216975074,0.3207137505764772,397,0.6545761672095315,0.8247725926711267,0.4842765219560886
Skin,84,0.5401251010305157,0.3171085978111285,0.6362369792951089,0.32087678204276904,397,0.6545761672095315,0.8251524086693799,0.4844487375135692
Skin,85,0.5402287334862744,0.3169761193117457,0.6363707793612227,0.3208025667438517,397,0.6545761672095315,0.8253107286036369,0.48424634930266386
Skin,86,0.54018157591353,0.31693594788111984,0.6363330964805195,0.3208197626551647,397,0.6545761672095315,0.8252386856923505,0.4841849791632695
Skin,87,0.5406286838022537,0.31688782125243076,0.6367628218240343,0.3207003206134987,397,0.6545761672095315,0.8259217351388797,0.4841114558193106
Skin,88,0.5407843622060589,0.31673048028285156,0.6369766625465391,0.32049591410935463,397,0.6545761672095315,0.8261595659851643,0.4838710850611604
Skin,89,0.5403642507715436,0.31700650351259635,0.6364998166800798,0.3207159296197272,397,0.6545761672095315,0.8255177591862608,0.48429276743148175
Skin,90,0.5401335493192048,0.31687407346046875,0.6363411473290703,0.32063765670922545,397,0.6545761672095315,0.8251653151714988,0.4840904532337435
Skin,91,0.5401796433514569,0.3166408342551845,0.6364837211507643,0.32039166139668057,397,0.6545761672095315,0.8252357333054932,0.48373413227834033
Skin,92,0.5403823915732863,0.3166764833911738,0.6366468085725012,0.32044124220109116,397,0.6545761672095315,0.8255454729996433,0.483788593680657
Skin,93,0.540090675554768,0.3164932266511479,0.6364706792702457,0.3202184446589515,397,0.6545761672095315,0.825099816660272,0.48350863124205007
Skin,94,0.5401867125109122,0.3160117878445068,0.6367517187305571,0.31975246265376955,397,0.6545761672095315,0.8252465329034766,0.48277313424298657
Skin,95,0.5395048929010036,0.31599529090422135,0.6362135851569664,0.319438591587681,397,0.6545761672095315,0.8242049129300283,0.48274793176677094
Skin,96,0.5392144306280231,0.31622643812737067,0.6358913231717978,0.31952003661784995,397,0.6545761672095315,0.8237611719453563,0.4831010567883169
Skin,97,0.5389561959113728,0.3166266369598322,0.6354599441269663,0.32009689973075467,397,0.6545761672095315,0.8233666651949024,0.48371244298370425
Skin,98,0.5388902407487249,0.3165889337973983,0.6354090319046766,0.3200928853552258,397,0.6545761672095315,0.8232659050909575,0.4836548436326698
Skin,99,0.5390806751351925,0.31612792744553925,0.63580801388712,0.3194440479600746,397,0.6545761672095315,0.823556832863778,0.4829505614193037
Skin,100,0.5387560489152843,0.3163487158853993,0.6353490712617532,0.3200484989230186,397,0.6545761672095315,0.82306089940917,0.4832878612644864
Tie,1,0.6275742726870783,0.3730313973481685,0.6847719403550461,0.3805166090254441,251,0.6829621959072427,0.9189004551758719,0.5461962603254136
Tie,2,0.6644627745102902,0.35120680024822065,0.7245833688547373,0.35360835076651476,251,0.6829621959072427,0.9729129642785309,0.5142404694621197
Tie,3,0.6778849996402351,0.3412921324173224,0.7388358781101348,0.3437229290925835,251,0.6829621959072427,0.9925659190253376,0.49972331479336435
Tie,4,0.6829621959072427,0.3342495970230294,0.7456101713563121,0.3361788002815324,251,0.6829621959072427,1.0,0.489411564836344
Tie,5,0.6620714219345399,0.34549401677636604,0.7250676077097404,0.34829680661414353,251,0.6829621959072427,0.9694115221927451,0.5058757554177855
Tie,6,0.6470440734236083,0.35296868413734794,0.7103084103989892,0.355667811718387,251,0.6829621959072427,0.9474083299209247,0.5168202372731137
Tie,7,0.6249309301780694,0.36441526938767593,0.6872791640191793,0.36908845010907426,251,0.6829621959072427,0.9150300469382717,0.5335804405741507
Tie,8,0.5997317531542858,0.37350516027571906,0.6624771692593381,0.37799691661757323,251,0.6829621959072427,0.8781331627845168,0.546889948688239
Tie,9,0.5862680101818512,0.37720990558979733,0.6492800294893137,0.38224424824718595,251,0.6829621959072427,0.8584194172022309,0.552314473407586
Tie,10,0.5708843655488754,0.3799855641206848,0.634859498401295,0.3845010421538778,251,0.6829621959072427,0.8358945326256546,0.5563786200726885
Tie,11,0.5520828031837396,0.38028641526750107,0.6181927233122735,0.38514483587277104,251,0.6829621959072427,0.8083650991111686,0.5568191292965066
Tie,12,0.536625320661374,0.3837926784789506,0.6028677844197335,0.38726336397741795,251,0.6829621959072427,0.7857321003668795,0.5619530345587032
Tie,13,0.5306912410528316,0.38155068848367113,0.5982189879439459,0.38656290737510507,251,0.6829621959072427,0.7770433623311531,0.5586702906400575
Tie,14,0.5193231556528232,0.38171850869612844,0.5874431619600292,0.38757956796957804,251,0.6829621959072427,0.7603980992871172,0.558916014654451
Tie,15,0.4956679913913983,0.38026970502619706,0.5654204031113064,0.3880126993112987,251,0.6829621959072427,0.7257619738863526,0.5567946619959676
Tie,16,0.47576991884145237,0.3780448274792749,0.5470913888084555,0.3864568375158565,251,0.6829621959072427,0.6966270193175811,0.5535369742934051
Tie,17,0.45964212367919466,0.3742673429562226,0.532380495191382,0.38507196586759845,251,0.6829621959072427,0.6730125421782811,0.5480059441050733
Tie,18,0.4470649945319627,0.36921813325972186,0.5221582589361652,0.38043317404229393,251,0.6829621959072427,0.6545969853252044,0.5406128413436629
Tie,19,0.42934554654840906,0.36474367677847497,0.5059727675237102,0.3767260517074463,251,0.6829621959072427,0.6286519943875797,0.5340612979228693
Tie,20,0.4036023120606312,0.36129346240324034,0.4800898226355666,0.3744240982235768,251,0.6829621959072427,0.5909584959157049,0.5290094599208385
Tie,21,0.37440918822705704,0.3486919429713273,0.45378085024765924,0.36447920607205325,251,0.6829621959072427,0.5482136353531167,0.510558190571774
Tie,22,0.3585204856341853,0.3403356742243178,0.4397060752904665,0.3573106482893213,251,0.6829621959072427,0.5249492399179269,0.49832285925023717
Tie,23,0.346754380052723,0.33784971670546093,0.42689134413629,0.3565353873565328,251,0.6829621959072427,0.5077211917888027,0.4946828956713533
Tie,24,0.3452848198859987,0.3352359242581949,0.4265086954482058,0.35401448323004636,251,0.6829621959072427,0.5055694472624864,0.4908557549263317
Tie,25,0.3311897748186991,0.32804203888496397,0.41301016908693483,0.34879767868110756,251,0.6829621959072427,0.48493134291093326,0.4803223968336856
Tie,26,0.321003290680767,0.32261744382890645,0.40314687894842455,0.3448158478325396,251,0.6829621959072427,0.47001619211784956,0.47237965111720925
Tie,27,0.31412912358762085,0.32259215080060727,0.39482230023906817,0.3447702371796938,251,0.6829621959072427,0.45995096869210117,0.47234261681509015
Tie,28,0.30103025438677067,0.3149917320873528,0.3820477806082983,0.3389641365746711,251,0.6829621959072427,0.4407714748938394,0.46121400858640466
Tie,29,0.290844163314274,0.31069016647092235,0.371365434299183,0.33491669262444723,251,0.6829621959072427,0.42585689963105267,0.4549156136793245
Tie,30,0.28575177994297646,0.3075737115784093,0.36621821300752744,0.33267925400436027,251,0.6829621959072427,0.41840058154812737,0.4503524696119238
Tie,31,0.28163094768948904,0.30299716748448974,0.36279849069181386,0.3298536141958106,251,0.6829621959072427,0.41236681821806,0.44365144849926896
Tie,32,0.27040023309134936,0.2953646684226707,0.35194896340499837,0.3227335759971218,251,0.6829621959072427,0.39592269486036685,0.4324758679070224
Tie,33,0.270091934571733,0.2968134121753681,0.35095010162536416,0.32363857158303083,251,0.6829621959072427,0.39547128111965923,0.4345971328340993
Tie,34,0.2714264358847641,0.2948626860379717,0.353332922696917,0.32301280141411526,251,0.6829621959072427,0.39742527113701065,0.43174086033602194
Tie,35,0.2660108121201876,0.2921765815816858,0.3474165383936034,0.32102120101772075,251,0.6829621959072427,0.389495661274224,0.42780783963241226
Tie,36,0.25677063712984893,0.28853221981220145,0.33695575286913837,0.31762533586361197,251,0.6829621959072427,0.37596610569162825,0.42247172909609887
Tie,37,0.25187920632660576,0.28414953760291894,0.3324636273062464,0.3136627249386688,251,0.6829621959072427,0.36880402434575604,0.41605456247172873
Tie,38,0.24559154524123802,0.2781258713356172,0.32657070811227135,0.309029810701876,251,0.6829621959072427,0.359597568815644,0.4072346507644637
Tie,39,0.2400190343250858,0.2744357930036412,0.320690563090275,0.3056435760572333,251,0.6829621959072427,0.3514382432343067,0.4018316015853299
Tie,40,0.2384331292133239,0.27361144785755065,0.3188223622884863,0.3052313533747361,251,0.6829621959072427,0.349116145289112,0.4006245872717551
Tie,41,0.23411856306894752,0.2718607564921846,0.31377868100093553,0.3033596816568011,251,0.6829621959072427,0.34279871488047137,0.39806120766471775
Tie,42,0.22883997785698565,0.2690831755643272,0.307833689642919,0.30053240865796177,251,0.6829621959072427,0.3350697582213845,0.3939942462069643
Tie,43,0.22247268378439988,0.2661848411991653,0.3004155367771184,0.29730469658078373,251,0.6829621959072427,0.32574670328402083,0.38975047637236643
Tie,44,0.22351278674524913,0.2676645153029067,0.3012531515715592,0.2985222923383279,251,0.6829621959072427,0.32726963232325934,0.39191702982526405
Tie,45,0.21866051622164587,0.26462753406472816,0.2958271892439648,0.2957194305816448,251,0.6829621959072427,0.3201648898460311,0.3874702518683316
Tie,46,0.2143720262790761,0.2595160601237226,0.2919112936354148,0.2916201333830619,251,0.6829621959072427,0.31388564046990275,0.3799859811844828
Tie,47,0.2119997024053695,0.25791272887073036,0.28921205457236054,0.2903550943690341,251,0.6829621959072427,0.3104120603977947,0.37763836771099857
Tie,48,0.2100739686117127,0.25501103274158976,0.2876450225985778,0.28805990996775116,251,0.6829621959072427,0.30759238193653127,0.3733896755483438
Tie,49,0.20800915102777678,0.25360273084531465,0.28540751167382067,0.2864754334527515,251,0.6829621959072427,0.3045690556143576,0.3713276259873072
Tie,50,0.20674210110285932,0.2535270669340509,0.28370349439923814,0.2860849338178352,251,0.6829621959072427,0.3027138285864043,0.3712168381403119
Tie,51,0.20598879961463049,0.2525424883217924,0.2830083325411511,0.28540702942836854,251,0.6829621959072427,0.30161083709911096,0.369775208401274
Tie,52,0.20104778770836226,0.25092463491872163,0.2767413938258582,0.283369678930522,251,0.6829621959072427,0.2943761586119589,0.36740633145205776
Tie,53,0.19635043124398183,0.2468436292828291,0.2715432339117701,0.28027414719090815,251,0.6829621959072427,0.28749824283194936,0.3614308826492564
Tie,54,0.20044997459963373,0.2513313455500276,0.27561594548456797,0.28416774350445856,251,0.6829621959072427,0.29350083474731314,0.3680018411797459
Tie,55,0.19222113655881837,0.2446535284366288,0.26657509014609315,0.277784681984193,251,0.6829621959072427,0.28145208872575006,0.35822411533574355
Tie,56,0.19220632800135826,0.24614862089958017,0.2661258893913902,0.2782687634947334,251,0.6829621959072427,0.28143040588949814,0.36041324450264467
Tie,57,0.19131590477077134,0.24479247129257703,0.2653787688934504,0.2771371439489321,251,0.6829621959072427,0.28012663939126015,0.35842755683921307
Tie,58,0.18670356138553354,0.24021289447637062,0.26039833746833546,0.2735042816229413,251,0.6829621959072427,0.27337320060229353,0.35172209518459996
Tie,59,0.18962061854244605,0.24318082458538393,0.26349983165802354,0.2760153122542738,251,0.6829621959072427,0.2776443845336933,0.35606776779546934
Tie,60,0.18397183311435217,0.23848702735820987,0.2571247335226794,0.2718015749814776,251,0.6829621959072427,0.26937337705781084,0.34919506348576906
Tie,61,0.183524245792973,0.23843354893871124,0.25644051223093683,0.27194914560471045,251,0.6829621959072427,0.2687180152763515,0.34911675985517415
Tie,62,0.183477967568381,0.23853765276689887,0.25631276309388945,0.27212438611540124,251,0.6829621959072427,0.26865025424233036,0.34926918970972753
Tie,63,0.18239608378434793,0.23788970335670717,0.25501874849468653,0.27136992391248776,251,0.6829621959072427,0.26706614930868044,0.3483204557767593
Tie,64,0.1813363957975913,0.23860990425322248,0.253079140972057,0.27233521674926175,251,0.6829621959072427,0.2655145436808624,0.34937498105038534
Tie,65,0.17978977079860783,0.2373138516686522,0.2513644456120791,0.2709645357845547,251,0.6829621959072427,0.26324996006517787,0.3474772880414061
Tie,66,0.17861739153228673,0.23570431494051625,0.2502799469190381,0.26955238750194827,251,0.6829621959072427,0.2615333507515925,0.3451205884498601
Tie,67,0.1774523128325169,0.2350965476811782,0.24883254489537981,0.2688007873694341,251,0.6829621959072427,0.25982743099973543,0.3442306896194707
Tie,68,0.17529120232246392,0.2346604876908871,0.2458536369884955,0.26801546868067794,251,0.6829621959072427,0.25666311162304994,0.34359220627016634
Tie,69,0.17634187533518292,0.23457000466961597,0.2474297955409452,0.2680873627312825,251,0.6829621959072427,0.25820151743674696,0.3434597201357751
Tie,70,0.17370325435065623,0.23373076693935893,0.2438970988062547,0.26697105338851457,251,0.6829621959072427,0.25433802250197746,0.342230899953214
Tie,71,0.17253186348729974,0.2333211715833671,0.24233820824702854,0.2664306283605993,251,0.6829621959072427,0.25262286041778564,0.34163116638311836
Tie,72,0.17245104411792606,0.2327794394487299,0.24244717855438325,0.2658896867325202,251,0.6829621959072427,0.25250452389805145,0.3408379568352347
Tie,73,0.17175073784502579,0.2323181244080428,0.24160091918450247,0.26536518667372916,251,0.6829621959072427,0.2514791285290296,0.34016249479143257
Tie,74,0.1707380780554025,0.23200584710061264,0.24021288947435332,0.26503956344604507,251,0.6829621959072427,0.24999638205244304,0.33970525527026796
Tie,75,0.1720876032742207,0.23372920938667838,0.24143776642531475,0.2671247365380365,251,0.6829621959072427,0.25197237022119595,0.3422286193691789
Tie,76,0.16996071609518298,0.2320053601825325,0.2390550389665954,0.2649808677486058,251,0.6829621959072427,0.24885816098416433,0.33970454232000064
Tie,77,0.16922642792791864,0.2314573410050924,0.23817335949890436,0.2644655179515877,251,0.6829621959072427,0.24778300898942043,0.3389021272218822
Tie,78,0.1700361148010535,0.2331591536805209,0.23859859388070323,0.26647807813289265,251,0.6829621959072427,0.24896856051480065,0.3413939381678275
Tie,79,0.16955564023460873,0.2331150318339942,0.23788217577928913,0.2664916109715239,251,0.6829621959072427,0.24826504490394535,0.3413293345238907
Tie,80,0.16813814649376205,0.2322171711332111,0.2362076998748029,0.26517046484811607,251,0.6829621959072427,0.2461895365532032,0.34001467800825386
Tie,81,0.16781241533893276,0.23207238635557592,0.2357915485456974,0.2649536808125635,251,0.6829621959072427,0.24571259777565257,0.3398026827052886
Tie,82,0.16607751879154484,0.23161544839441062,0.23341025614964345,0.2641961407003181,251,0.6829621959072427,0.24317234509726926,0.33913362962460036
Tie,83,0.1655766149564315,0.2313193591044936,0.23278229964655622,0.263867664220209,251,0.6829621959072427,0.24243891674923612,0.3387000927587367
Tie,84,0.16437443509035526,0.23073574941116637,0.23125214538540464,0.26301137063790886,251,0.6829621959072427,0.2406786731028374,0.33784556567535695
Tie,85,0.16399169435322566,0.23066198596934848,0.23072201499388093,0.2628332412404489,251,0.6829621959072427,0.24011826033120343,0.33773756051451503
Tie,86,0.16340025703472694,0.2306789214798411,0.2297926670223325,0.2629761318665723,251,0.6829621959072427,0.23925227196165236,0.3377623576564273
Tie,87,0.1642675615499316,0.23062073938298816,0.23108635337944097,0.2632153408826265,251,0.6829621959072427,0.2405221878082426,0.33767716685494287
Tie,88,0.16192757701682395,0.22972194914269972,0.22805745650893397,0.26144836488369894,251,0.6829621959072427,0.23709595931839297,0.3363611492983715
Tie,89,0.1624443868641275,0.23005105085073663,0.22864922916395072,0.26208754358646535,251,0.6829621959072427,0.23785267740674487,0.3368430232732549
Tie,90,0.161613550270084,0.2284981612690866,0.22802799499455992,0.26059939284177763,251,0.6829621959072427,0.23663615825089349,0.3345692669936893
Tie,91,0.15768081100600864,0.2254566006796332,0.22344401247194076,0.25670853831172663,251,0.6829621959072427,0.2308778025356827,0.330115783905342
Tie,92,0.15850635698581458,0.22560227797833446,0.22462446259542138,0.25702322404597666,251,0.6829621959072427,0.23208657512185682,0.330329086046477
Tie,93,0.15800407714904782,0.22518244235203128,0.2240305440939093,0.25658942171511606,251,0.6829621959072427,0.23135113201859758,0.3297143585713413
Tie,94,0.15673977653365864,0.22501963820779747,0.22221772387222655,0.25605354648939405,251,0.6829621959072427,0.22949993055683923,0.3294759791336368
Tie,95,0.15651173209821045,0.22498116087009104,0.22190164845755167,0.2559253275677523,251,0.6829621959072427,0.2291660256396787,0.3294196402353244
Tie,96,0.1564825742154237,0.22501823003472615,0.22182860792072118,0.2560257677767749,251,0.6829621959072427,0.2291233323794053,0.32947391727270253
Tie,97,0.15649196806111917,0.22501858252855314,0.22186060579834097,0.25592469392746475,251,0.6829621959072427,0.22913708694115378,0.32947443339764926
Tie,98,0.15612100682424634,0.2249881111174485,0.22130935927096446,0.25585054238376775,251,0.6829621959072427,0.22859392183026495,0.3294298168562254
Tie,99,0.15625041940250695,0.22545189330642545,0.22136507185381316,0.2560555969630947,251,0.6829621959072427,0.22878340900691416,0.33010889132294735
Tie,100,0.15565506486093658,0.22517680617801158,0.22057471726753766,0.2557181922083581,251,0.6829621959072427,0.22791168500061026,0.3297061060296143
