setting,num_prompts,PredIoU,AnchMI,Stability,IoU,Dice
original_full,60,0.9412859678268433,-6.9055376052856445,0.9968750831093592,0.9955709379266957,0.9977805539311441
early_stop,11,0.9743045568466187,-7.066596508026123,0.9973175039505734,0.997970230040463,0.9989840839823244
refined,11,0.9743045568466187,-7.088281631469727,0.9973175039505734,0.997970230040463,0.9989840839823244
