setting,num_prompts,PredIoU,AnchMI,Stability,IoU,Dice
original_full,1,0.6344623565673828,-6.388976097106934,0.6635214697170384,0.6858621194309966,0.813663361345927
early_stop,1,0.6344623565673828,-6.353152751922607,0.6635214697170384,0.6858621194309966,0.813663361345927
refined,1,0.6344623565673828,-6.512001037597656,0.6635214697170384,0.6858621194309966,0.813663361345927
