{
  "epsilon_click": 0.009692999433740827,
  "feasible_fraction_for_envelopes": 1.0,
  "U_env": {
    "best": 0.013922560429847852,
    "rand": 0.03981427152168471
  },
  "R_env": {
    "best": 6.392396826732192,
    "rand": 6.6758700573507275
  },
  "E_env": {
    "best": 7.554279342292358,
    "rand": 7.556476492875338
  },
  "C_full": 0.009692999433740827,
  "U_full": 0.05754695256866482,
  "R_full": 8.80996554852078,
  "E_full": 7.557360249333523,
  "F_full": 1.0,
  "F_ref": 0.6202637303805867
}