set,num_prompts,CE_BASE,mIoU_BASE,Dice_BASE,CE_Tstar,mIoU_Tstar,Dice_Tstar
FULL,40,0.005370134487748146,0.9842972159055989,0.9920864757716074,0.005066507030278444,0.9842972159055989,0.9920864757716074
REFINED,6,0.004713649861514568,0.9865532803241949,0.9932311306175434,0.0046265264973044395,0.9865532803241949,0.9932311306175434
