set,num_prompts,CE_BASE,mIoU_BASE,Dice_BASE,CE_Tstar,mIoU_Tstar,Dice_Tstar
FULL,40,0.007750255987048149,0.9732142857142857,0.9864253393665159,0.007184883579611778,0.9732142857142857,0.9864253393665159
REFINED,1,0.0062751625664532185,0.9843328427765514,0.9921045719318304,0.00569241913035512,0.9843328427765514,0.9921045719318304
