set,num_prompts,CE_BASE,mIoU_BASE,Dice_BASE,CE_Tstar,mIoU_Tstar,Dice_Tstar
FULL,40,0.006310713943094015,0.9821747429345483,0.991007222179079,0.0058070095255970955,0.9821747429345483,0.991007222179079
REFINED,2,0.005456094164401293,0.9849432689359092,0.9924145282639929,0.005516020115464926,0.9849432689359092,0.9924145282639929
