set,num_prompts,CE_BASE,mIoU_BASE,Dice_BASE,CE_Tstar,mIoU_Tstar,Dice_Tstar
FULL,40,0.006393567193299532,0.9819278953655772,0.990881552917903,0.005335170775651932,0.9819278953655772,0.990881552917903
REFINED,24,0.006918520666658878,0.9808712179271022,0.9903432480113901,0.006680197548121214,0.9808712179271022,0.9903432480113901
