set,num_prompts,CE_BASE,mIoU_BASE,Dice_BASE,CE_Tstar,mIoU_Tstar,Dice_Tstar
FULL,40,0.015441464260220528,0.953213668887244,0.9760464859231656,0.014259736984968185,0.953213668887244,0.9760464859231656
REFINED,1,0.005547787994146347,0.9845526711006222,0.9922162162162163,0.00577752897515893,0.9845526711006222,0.9922162162162163
