set,num_prompts,CE_BASE,mIoU_BASE,Dice_BASE,CE_Tstar,mIoU_Tstar,Dice_Tstar
FULL,40,0.006097069010138512,0.9840824258876515,0.9919773624801766,0.005910753272473812,0.9840824258876515,0.9919773624801766
REFINED,2,0.005054475273936987,0.9850366418299451,0.9924619234452717,0.005256854463368654,0.9850366418299451,0.9924619234452717
