set,num_prompts,CE_BASE,mIoU_BASE,Dice_BASE,CE_Tstar,mIoU_Tstar,Dice_Tstar
FULL,40,0.008628579787909985,0.975481125092524,0.9875884033534729,0.0076779029332101345,0.975481125092524,0.9875884033534729
REFINED,2,0.005528667010366917,0.9845913490993751,0.9922358570656787,0.005682145711034536,0.9845913490993751,0.9922358570656787
