set,num_prompts,CE_BASE,mIoU_BASE,Dice_BASE,CE_Tstar,mIoU_Tstar,Dice_Tstar
FULL,40,0.005615893751382828,0.985432417481099,0.9926627658586421,0.004680735990405083,0.985432417481099,0.9926627658586421
REFINED,11,0.004498777445405722,0.9860652958041742,0.9929837633106703,0.004356303717941046,0.9860652958041742,0.9929837633106703
