set,num_prompts,CE_BASE,mIoU_BASE,Dice_BASE,CE_Tstar,mIoU_Tstar,Dice_Tstar
FULL,40,0.0065748970955610275,0.981270182992465,0.990546560904053,0.005964120849967003,0.981270182992465,0.990546560904053
REFINED,5,0.004999050870537758,0.9854516435959608,0.9926725204056394,0.005177704617381096,0.9854516435959608,0.9926725204056394
