set,num_prompts,CE_BASE,mIoU_BASE,Dice_BASE,CE_Tstar,mIoU_Tstar,Dice_Tstar
FULL,40,0.005669877864420414,0.9842396313364056,0.9920572251381857,0.004964597523212433,0.9842396313364056,0.9920572251381857
REFINED,10,0.005427527241408825,0.9863791146424518,0.9931428571428571,0.004904706962406635,0.9863791146424518,0.9931428571428571
