set,num_prompts,CE_BASE,mIoU_BASE,Dice_BASE,CE_Tstar,mIoU_Tstar,Dice_Tstar
FULL,40,0.008217760361731052,0.9815186202215297,0.9906731233358765,0.006365671753883362,0.9815186202215297,0.9906731233358765
REFINED,1,0.006365980952978134,0.9836432137715564,0.9917541692402718,0.006392762530595064,0.9836432137715564,0.9917541692402718
