set,num_prompts,CE_BASE,mIoU_BASE,Dice_BASE,CE_Tstar,mIoU_Tstar,Dice_Tstar
FULL,40,0.005537375342100859,0.9832285115303984,0.9915433403805497,0.005092907696962357,0.9832285115303984,0.9915433403805497
REFINED,9,0.005322668235749006,0.985598865178241,0.9927472083741011,0.0051672798581421375,0.985598865178241,0.9927472083741011
