set,num_prompts,CE_BASE,mIoU_BASE,Dice_BASE,CE_Tstar,mIoU_Tstar,Dice_Tstar
FULL,40,0.012190708890557289,0.9544478527607362,0.9766930864003767,0.01173924095928669,0.9544478527607362,0.9766930864003767
REFINED,1,0.006567530333995819,0.9841260093954374,0.9919995048049396,0.006093229632824659,0.9841260093954374,0.9919995048049396
