set,num_prompts,CE_BASE,mIoU_BASE,Dice_BASE,CE_Tstar,mIoU_Tstar,Dice_Tstar
FULL,40,0.008943972177803516,0.9792314082643611,0.9895067390053943,0.007012970745563507,0.9792314082643611,0.9895067390053943
REFINED,1,0.005476066377013922,0.9845229703637868,0.9922011335382145,0.005842932034283876,0.9845229703637868,0.9922011335382145
