set,num_prompts,CE_BASE,mIoU_BASE,Dice_BASE,CE_Tstar,mIoU_Tstar,Dice_Tstar
FULL,40,0.006333096418529749,0.9826760954821975,0.9912623627443345,0.005203804932534695,0.9826760954821975,0.9912623627443345
REFINED,7,0.004816853441298008,0.9859211091344089,0.9929106494710016,0.0050077857449650764,0.9859211091344089,0.9929106494710016
