set,num_prompts,CE_BASE,mIoU_BASE,Dice_BASE,CE_Tstar,mIoU_Tstar,Dice_Tstar
FULL,40,0.006602184381335974,0.9817172305898954,0.9907742794340733,0.005868212785571814,0.9817172305898954,0.9907742794340733
REFINED,1,0.005309375002980232,0.9845776483213246,0.9922288998408701,0.005697429180145264,0.9845776483213246,0.9922288998408701
