set,num_prompts,CE_BASE,mIoU_BASE,Dice_BASE,CE_Tstar,mIoU_Tstar,Dice_Tstar
FULL,40,0.0056917862966656685,0.9841591453306318,0.9920163386557742,0.0052134329453110695,0.9841591453306318,0.9920163386557742
REFINED,5,0.005213788244873285,0.9852670349907919,0.9925788497217068,0.004944895394146442,0.9852670349907919,0.9925788497217068
