set,num_prompts,CE_BASE,mIoU_BASE,Dice_BASE,CE_Tstar,mIoU_Tstar,Dice_Tstar
FULL,40,0.006085187196731567,0.9838223534477456,0.9918452141018883,0.005813011433929205,0.9838223534477456,0.9918452141018883
REFINED,3,0.005344352684915066,0.9851647509578544,0.9925269431491832,0.005548637360334396,0.9851647509578544,0.9925269431491832
