set,num_prompts,CE_BASE,mIoU_BASE,Dice_BASE,CE_Tstar,mIoU_Tstar,Dice_Tstar
FULL,40,0.005799649748951197,0.9832903305074333,0.991574773881799,0.0055277710780501366,0.9832903305074333,0.991574773881799
REFINED,3,0.005276946350932121,0.9853374233128834,0.9926145669169679,0.005598955322057009,0.9853374233128834,0.9926145669169679
