set,num_prompts,CE_BASE,mIoU_BASE,Dice_BASE,CE_Tstar,mIoU_Tstar,Dice_Tstar
FULL,40,0.007624406833201647,0.9776602534877359,0.9887039513117248,0.006475724279880524,0.9776602534877359,0.9887039513117248
REFINED,3,0.005938892252743244,0.9843214110730034,0.9920987654320987,0.005963779985904694,0.9843214110730034,0.9920987654320987
