setting,num_prompts,PredIoU,AnchMI,Stability,IoU,Dice
original_full,48,0.7753711938858032,-6.236871719360352,0.8459931048799872,0.6816422756994562,0.8106864171405733
early_stop,13,0.9125382900238037,-6.6939473152160645,0.9519996689631849,0.8831934367145216,0.9379742085925794
refined,13,0.9125382900238037,-6.614382743835449,0.9519996689631849,0.8831934367145216,0.9379742085925794
