{
  "T_star": 0.7251946442412311,
  "grid_T": [
    0.3,
    0.3117366911505507,
    0.3239325486983129,
    0.336605536290589,
    0.3497743203539495,
    0.3634582975885765,
    0.37767762353825013,
    0.3924532422780582,
    0.4078069172635576,
    0.4237612633868263,
    0.4403397802866208,
    0.45756688696170567,
    0.475467957738334,
    0.4940693596448605,
    0.5133984912485342,
    0.5334838230116768,
    0.5543549392266872,
    0.5760425815916405,
    0.5985786944906639,
    0.6219964720457865,
    0.6463304070095651,
    0.6716163415705019,
    0.6978915201460878,
    0.7251946442412311,
    0.753565929452874,
    0.783047164704761,
    0.8136817737996085,
    0.8455148793793361,
    0.8785933693875709,
    0.9129659661323166,
    0.9486832980505138,
    0.9857979742801964,
    1.0243646621500806,
    1.0644401677007262,
    1.1060835193558727,
    1.1493560548671864,
    1.194321511660492,
    1.2410461207165522,
    1.289598704124683,
    1.3400507764528895,
    1.3924766500838337,
    1.4469535446717923,
    1.503561700881817,
    1.562384498578639,
    1.6235085796393913,
    1.6870239755710472,
    1.7530242401205531,
    1.8216065870729659,
    1.8928720334405802,
    1.966925548253937,
    2.043876207173884,
    2.123837353152414,
    2.2069267633789242,
    2.2932668227578006,
    2.382984704172845,
    2.476212555804056,
    2.5730876957726823,
    2.673752814401237,
    2.7783561843863813,
    2.887051879194266,
    3.0000000000000004,
    0.5985786944906639,
    0.6001120755977701,
    0.6016493847725494,
    0.6031906320775463,
    0.6047358276010826,
    0.6062849814573233,
    0.6078381037863431,
    0.6093952047541921,
    0.6109562945529634,
    0.6125213834008588,
    0.6140904815422563,
    0.6156635992477769,
    0.6172407468143518,
    0.6188219345652901,
    0.620407172850346,
    0.6219964720457866,
    0.6235898425544601,
    0.6251872948058638,
    0.6267888392562119,
    0.6283944863885047,
    0.6300042467125967,
    0.6316181307652654,
    0.6332361491102807,
    0.6348583123384736,
    0.6364846310678054,
    0.6381151159434378,
    0.6397497776378023,
    0.6413886268506697,
    0.6430316743092206,
    0.6446789307681154,
    0.6463304070095651,
    0.647986113843401,
    0.6496460621071461,
    0.6513102626660864,
    0.6529787264133409,
    0.6546514642699337,
    0.6563284871848658,
    0.6580098061351857,
    0.6596954321260621,
    0.6613853761908556,
    0.6630796493911912,
    0.6647782628170302,
    0.6664812275867434,
    0.6681885548471834,
    0.6699002557737577,
    0.6716163415705019,
    0.673336823470153,
    0.6750617127342231,
    0.6767910206530728,
    0.6785247585459854,
    0.6802629377612405,
    0.682005569676189,
    0.6837526656973272,
    0.685504237260371,
    0.6872602958303319,
    0.6890208529015908,
    0.6907859199979741,
    0.6925555086728286,
    0.6943296305090976,
    0.6961082971193961,
    0.6978915201460878,
    0.6446789307681154,
    0.6447888977826606,
    0.6448988835549838,
    0.6450088880882846,
    0.6451189113857633,
    0.6452289534506206,
    0.6453390142860577,
    0.6454490938952765,
    0.6455591922814793,
    0.645669309447869,
    0.6457794453976492,
    0.6458896001340237,
    0.6459997736601972,
    0.6461099659793748,
    0.646220177094762,
    0.6463304070095651,
    0.6464406557269908,
    0.6465509232502464,
    0.6466612095825398,
    0.6467715147270794,
    0.6468818386870738,
    0.6469921814657329,
    0.6471025430662665,
    0.6472129234918851,
    0.6473233227458,
    0.6474337408312226,
    0.6475441777513655,
    0.6476546335094412,
    0.647765108108663,
    0.6478756015522448,
    0.647986113843401,
    0.6480966449853466,
    0.648207194981297,
    0.6483177638344684,
    0.6484283515480772,
    0.6485389581253408,
    0.6486495835694766,
    0.648760227883703,
    0.6488708910712389,
    0.6489815731353035,
    0.6490922740791165,
    0.6492029939058988,
    0.649313732618871,
    0.6494244902212549,
    0.6495352667162724,
    0.6496460621071461,
    0.6497568763970996,
    0.649867709589356,
    0.6499785616871401,
    0.6500894326936765,
    0.6502003226121906,
    0.6503112314459084,
    0.6504221591980565,
    0.6505331058718616,
    0.6506440714705516,
    0.6507550559973545,
    0.650866059455499,
    0.6509770818482145,
    0.6510881231787304,
    0.6511991834502775,
    0.6513102626660864
  ],