step,Z_block_0,Z_block_1
1,1.916374,1.968298
2,1.106574,1.043463
3,1.999641,1.946656
4,1.913348,2.110356
5,2.093226,2.256971
6,2.132077,2.188262
