step,Z_block_0,Z_block_1
1,5.758260,5.644845
2,5.821723,5.258678
3,5.466716,5.840421
4,5.110954,5.020434
5,5.293982,5.707651
6,4.514426,5.341416
