setting,num_prompts,PredIoU,AnchMI,Stability,IoU,Dice
original_full,12,0.9029006361961365,-6.783626556396484,0.8724820614884579,0.8952059004301973,0.9447056915842151
early_stop,12,0.9029006361961365,-6.535887718200684,0.8724820614884579,0.8952059004301973,0.9447056915842151
refined,12,0.9029006361961365,-6.758114814758301,0.8724820614884579,0.8952059004301973,0.9447056915842151
